날짜,지역,항목,인원유형,월 총(명),버스+지하철 월합(명),하루평균(명)
202312,강남구,지하철,승하차인원,36890691,54086002,1190022
202312,강남구,버스,승하차인원,17195311,,554687
202311,강남구,지하철,승하차인원,37627599,55186543,1254253
202311,강남구,버스,승하차인원,17558944,,585298
202310,강남구,지하철,승하차인원,35565516,52505409,1147275
202310,강남구,버스,승하차인원,16939893,,546448
202309,강남구,지하철,승하차인원,34360581,51055794,1145353
202309,강남구,버스,승하차인원,16695213,,556507
202308,강남구,지하철,승하차인원,36106989,53953589,1164742
202308,강남구,버스,승하차인원,17846600,,575697
202307,강남구,지하철,승하차인원,35719474,53868751,1152241
202307,강남구,버스,승하차인원,18149277,,585461
202306,강남구,지하철,승하차인원,35072804,52739206,1169093
202306,강남구,버스,승하차인원,17666402,,588880
202305,강남구,지하철,승하차인원,36394072,53732041,1174002
202305,강남구,버스,승하차인원,17337969,,559289
202304,강남구,지하철,승하차인원,35868513,52749554,1195617
202304,강남구,버스,승하차인원,16881041,,562701
202303,강남구,지하철,승하차인원,38107973,55952849,1229289
202303,강남구,버스,승하차인원,17844876,,575641
202302,강남구,지하철,승하차인원,34682327,50772620,1238655
202302,강남구,버스,승하차인원,16090293,,574653
202301,강남구,지하철,승하차인원,33726731,49599682,1087959
202301,강남구,버스,승하차인원,15872951,,512031
202312,강동구,지하철,승하차인원,9429734,15510741,304185
202312,강동구,버스,승하차인원,6081007,,196162
202311,강동구,지하철,승하차인원,9402690,15452760,313423
202311,강동구,버스,승하차인원,6050070,,201669
202310,강동구,지하철,승하차인원,9214898,15141559,297255
202310,강동구,버스,승하차인원,5926661,,191183
202309,강동구,지하철,승하차인원,8780924,14650917,292697
202309,강동구,버스,승하차인원,5869993,,195666
202308,강동구,지하철,승하차인원,8914234,15040540,287556
202308,강동구,버스,승하차인원,6126306,,197623
202307,강동구,지하철,승하차인원,8730818,14921386,281639
202307,강동구,버스,승하차인원,6190568,,199696
202306,강동구,지하철,승하차인원,8798763,14879390,293292
202306,강동구,버스,승하차인원,6080627,,202688
202305,강동구,지하철,승하차인원,9301357,15316769,300044
202305,강동구,버스,승하차인원,6015412,,194046
202304,강동구,지하철,승하차인원,9112666,15025025,303756
202304,강동구,버스,승하차인원,5912359,,197079
202303,강동구,지하철,승하차인원,9628263,15844615,310589
202303,강동구,버스,승하차인원,6216352,,200527
202302,강동구,지하철,승하차인원,8497290,13990014,303475
202302,강동구,버스,승하차인원,5492724,,196169
202301,강동구,지하철,승하차인원,8349722,13855219,269346
202301,강동구,버스,승하차인원,5505497,,177597
202312,강북구,지하철,승하차인원,6119099,15949843,197390
202312,강북구,버스,승하차인원,9830744,,317121
202311,강북구,지하철,승하차인원,6189540,15944504,206318
202311,강북구,버스,승하차인원,9754964,,325165
202310,강북구,지하철,승하차인원,6221879,16003695,200706
202310,강북구,버스,승하차인원,9781816,,315542
202309,강북구,지하철,승하차인원,5918646,15597658,197288
202309,강북구,버스,승하차인원,9679012,,322634
202308,강북구,지하철,승하차인원,5791264,15685051,186815
202308,강북구,버스,승하차인원,9893787,,319154
202307,강북구,지하철,승하차인원,5678265,15707861,183170
202307,강북구,버스,승하차인원,10029596,,323535
202306,강북구,지하철,승하차인원,5828628,15765074,194288
202306,강북구,버스,승하차인원,9936446,,331215
202305,강북구,지하철,승하차인원,6322611,16495385,203955
202305,강북구,버스,승하차인원,10172774,,328154
202304,강북구,지하철,승하차인원,6122129,15938736,204071
202304,강북구,버스,승하차인원,9816607,,327220
202303,강북구,지하철,승하차인원,6458734,16637214,208346
202303,강북구,버스,승하차인원,10178480,,328338
202302,강북구,지하철,승하차인원,5505680,14311475,196631
202302,강북구,버스,승하차인원,8805795,,314493
202301,강북구,지하철,승하차인원,5437757,14462315,175412
202301,강북구,버스,승하차인원,9024558,,291115
202312,강서구,지하철,승하차인원,15040817,24616039,485188
202312,강서구,버스,승하차인원,9575222,,308878
202311,강서구,지하철,승하차인원,15199919,24705320,506664
202311,강서구,버스,승하차인원,9505401,,316847
202310,강서구,지하철,승하차인원,14879252,24149410,479976
202310,강서구,버스,승하차인원,9270158,,299037
202309,강서구,지하철,승하차인원,14136176,23385795,471206
202309,강서구,버스,승하차인원,9249619,,308321
202308,강서구,지하철,승하차인원,14383300,24165358,463977
202308,강서구,버스,승하차인원,9782058,,315550
202307,강서구,지하철,승하차인원,14064277,23980317,453686
202307,강서구,버스,승하차인원,9916040,,319872
202306,강서구,지하철,승하차인원,14020725,23714957,467358
202306,강서구,버스,승하차인원,9694232,,323141
202305,강서구,지하철,승하차인원,14742453,24412042,475563
202305,강서구,버스,승하차인원,9669589,,311922
202304,강서구,지하철,승하차인원,14429090,23886838,480970
202304,강서구,버스,승하차인원,9457748,,315258
202303,강서구,지하철,승하차인원,15087957,25018185,486708
202303,강서구,버스,승하차인원,9930228,,320330
202302,강서구,지하철,승하차인원,13411258,22210796,478974
202302,강서구,버스,승하차인원,8799538,,314269
202301,강서구,지하철,승하차인원,13272664,22144772,428150
202301,강서구,버스,승하차인원,8872108,,286197
202312,관악구,지하철,승하차인원,10063194,25138879,324619
202312,관악구,버스,승하차인원,15075685,,486312
202311,관악구,지하철,승하차인원,10151658,25463643,338389
202311,관악구,버스,승하차인원,15311985,,510400
202310,관악구,지하철,승하차인원,10061552,25213034,324566
202310,관악구,버스,승하차인원,15151482,,488757
202309,관악구,지하철,승하차인원,9603761,24564001,320125
202309,관악구,버스,승하차인원,14960240,,498675
202308,관악구,지하철,승하차인원,9745981,24892132,314386
202308,관악구,버스,승하차인원,15146151,,488586
202307,관악구,지하철,승하차인원,9678908,25166739,312223
202307,관악구,버스,승하차인원,15487831,,499607
202306,관악구,지하철,승하차인원,9812886,25259492,327096
202306,관악구,버스,승하차인원,15446606,,514887
202305,관악구,지하철,승하차인원,10416871,26201429,336028
202305,관악구,버스,승하차인원,15784558,,509179
202304,관악구,지하철,승하차인원,10277586,25615872,342586
202304,관악구,버스,승하차인원,15338286,,511276
202303,관악구,지하철,승하차인원,10818850,26963517,348995
202303,관악구,버스,승하차인원,16144667,,520796
202302,관악구,지하철,승하차인원,9413974,23073537,336213
202302,관악구,버스,승하차인원,13659563,,487842
202301,관악구,지하철,승하차인원,9362392,23284965,302013
202301,관악구,버스,승하차인원,13922573,,449115
202312,광진구,지하철,승하차인원,11683133,17651408,376875
202312,광진구,버스,승하차인원,5968275,,192525
202311,광진구,지하철,승하차인원,11753932,17647778,391798
202311,광진구,버스,승하차인원,5893846,,196462
202310,광진구,지하철,승하차인원,11968334,17750680,386075
202310,광진구,버스,승하차인원,5782346,,186527
202309,광진구,지하철,승하차인원,11298310,17019744,376610
202309,광진구,버스,승하차인원,5721434,,190714
202308,광진구,지하철,승하차인원,10876979,16816151,350870
202308,광진구,버스,승하차인원,5939172,,191586
202307,광진구,지하철,승하차인원,10698186,16687407,345103
202307,광진구,버스,승하차인원,5989221,,193201
202306,광진구,지하철,승하차인원,11174851,17074067,372495
202306,광진구,버스,승하차인원,5899216,,196641
202305,광진구,지하철,승하차인원,12311365,18261698,397141
202305,광진구,버스,승하차인원,5950333,,191946
202304,광진구,지하철,승하차인원,11862142,17688309,395405
202304,광진구,버스,승하차인원,5826167,,194206
202303,광진구,지하철,승하차인원,12432668,18493257,401054
202303,광진구,버스,승하차인원,6060589,,195503
202302,광진구,지하철,승하차인원,10537314,15856744,376333
202302,광진구,버스,승하차인원,5319430,,189980
202301,광진구,지하철,승하차인원,10356171,15694634,334070
202301,광진구,버스,승하차인원,5338463,,172208
202312,구로구,지하철,승하차인원,13762039,24023326,443937
202312,구로구,버스,승하차인원,10261287,,331009
202311,구로구,지하철,승하차인원,14022042,24316550,467401
202311,구로구,버스,승하차인원,10294508,,343150
202310,구로구,지하철,승하차인원,13865774,23969923,447283
202310,구로구,버스,승하차인원,10104149,,325940
202309,구로구,지하철,승하차인원,13228520,23335024,440951
202309,구로구,버스,승하차인원,10106504,,336883
202308,구로구,지하철,승하차인원,13241622,23777103,427149
202308,구로구,버스,승하차인원,10535481,,339854
202307,구로구,지하철,승하차인원,13119739,23856002,423217
202307,구로구,버스,승하차인원,10736263,,346331
202306,구로구,지하철,승하차인원,13411476,23960747,447049
202306,구로구,버스,승하차인원,10549271,,351642
202305,구로구,지하철,승하차인원,14194665,24789622,457892
202305,구로구,버스,승하차인원,10594957,,341773
202304,구로구,지하철,승하차인원,13976425,24286876,465881
202304,구로구,버스,승하차인원,10310451,,343682
202303,구로구,지하철,승하차인원,14671910,25420116,473287
202303,구로구,버스,승하차인원,10748206,,346716
202302,구로구,지하철,승하차인원,12822599,22220881,457950
202302,구로구,버스,승하차인원,9398282,,335653
202301,구로구,지하철,승하차인원,12626520,22167005,407307
202301,구로구,버스,승하차인원,9540485,,307758
202312,금천구,지하철,승하차인원,4842928,12244967,156223
202312,금천구,버스,승하차인원,7402039,,238775
202311,금천구,지하철,승하차인원,5197866,12648655,173262
202311,금천구,버스,승하차인원,7450789,,248360
202310,금천구,지하철,승하차인원,4902022,12213653,158130
202310,금천구,버스,승하차인원,7311631,,235859
202309,금천구,지하철,승하차인원,4674119,11913199,155804
202309,금천구,버스,승하차인원,7239080,,241303
202308,금천구,지하철,승하차인원,4811422,12409802,155207
202308,금천구,버스,승하차인원,7598380,,245109
202307,금천구,지하철,승하차인원,4698488,12406016,151564
202307,금천구,버스,승하차인원,7707528,,248630
202306,금천구,지하철,승하차인원,4797056,12379938,159902
202306,금천구,버스,승하차인원,7582882,,252763
202305,금천구,지하철,승하차인원,5089593,12745293,164180
202305,금천구,버스,승하차인원,7655700,,246958
202304,금천구,지하철,승하차인원,4972466,12412807,165749
202304,금천구,버스,승하차인원,7440341,,248011
202303,금천구,지하철,승하차인원,5321410,13092129,171658
202303,금천구,버스,승하차인원,7770719,,250668
202302,금천구,지하철,승하차인원,4731876,11622957,168996
202302,금천구,버스,승하차인원,6891081,,246110
202301,금천구,지하철,승하차인원,4648484,11658003,149951
202301,금천구,버스,승하차인원,7009519,,226114
202312,노원구,지하철,승하차인원,12143898,20955097,391739
202312,노원구,버스,승하차인원,8811199,,284232
202311,노원구,지하철,승하차인원,12087485,20939234,402916
202311,노원구,버스,승하차인원,8851749,,295058
202310,노원구,지하철,승하차인원,11889611,20477318,383536
202310,노원구,버스,승하차인원,8587707,,277023
202309,노원구,지하철,승하차인원,11371363,19938424,379045
202309,노원구,버스,승하차인원,8567061,,285569
202308,노원구,지하철,승하차인원,10976006,19521693,354065
202308,노원구,버스,승하차인원,8545687,,275667
202307,노원구,지하철,승하차인원,10815586,19527199,348890
202307,노원구,버스,승하차인원,8711613,,281020
202306,노원구,지하철,승하차인원,11239980,19998803,374666
202306,노원구,버스,승하차인원,8758823,,291961
202305,노원구,지하철,승하차인원,12523618,21602211,403988
202305,노원구,버스,승하차인원,9078593,,292858
202304,노원구,지하철,승하차인원,11841240,20646341,394708
202304,노원구,버스,승하차인원,8805101,,293503
202303,노원구,지하철,승하차인원,12548622,21842440,404794
202303,노원구,버스,승하차인원,9293818,,299801
202302,노원구,지하철,승하차인원,10510230,18332572,375365
202302,노원구,버스,승하차인원,7822342,,279369
202301,노원구,지하철,승하차인원,10325032,18112101,333066
202301,노원구,버스,승하차인원,7787069,,251196
202312,도봉구,지하철,승하차인원,5337186,12147241,172167
202312,도봉구,버스,승하차인원,6810055,,219679
202311,도봉구,지하철,승하차인원,5402816,12138122,180094
202311,도봉구,버스,승하차인원,6735306,,224510
202310,도봉구,지하철,승하차인원,5490846,12141011,177124
202310,도봉구,버스,승하차인원,6650165,,214521
202309,도봉구,지하철,승하차인원,5154769,11763283,171826
202309,도봉구,버스,승하차인원,6608514,,220284
202308,도봉구,지하철,승하차인원,5054032,11837228,163033
202308,도봉구,버스,승하차인원,6783196,,218813
202307,도봉구,지하철,승하차인원,4974248,11908499,160460
202307,도봉구,버스,승하차인원,6934251,,223686
202306,도봉구,지하철,승하차인원,5163671,12006381,172122
202306,도봉구,버스,승하차인원,6842710,,228090
202305,도봉구,지하철,승하차인원,5531991,12465249,178451
202305,도봉구,버스,승하차인원,6933258,,223653
202304,도봉구,지하철,승하차인원,5372216,12126546,179074
202304,도봉구,버스,승하차인원,6754330,,225144
202303,도봉구,지하철,승하차인원,5659152,12704778,182553
202303,도봉구,버스,승하차인원,7045626,,227278
202302,도봉구,지하철,승하차인원,4843338,10971076,172976
202302,도봉구,버스,승하차인원,6127738,,218848
202301,도봉구,지하철,승하차인원,4766114,11012954,153746
202301,도봉구,버스,승하차인원,6246840,,201511
202312,동대문구,지하철,승하차인원,8418290,19796601,271558
202312,동대문구,버스,승하차인원,11378311,,367042
202311,동대문구,지하철,승하차인원,8623399,20246106,287447
202311,동대문구,버스,승하차인원,11622707,,387424
202310,동대문구,지하철,승하차인원,8547476,19839512,275725
202310,동대문구,버스,승하차인원,11292036,,364259
202309,동대문구,지하철,승하차인원,8247941,19552307,274931
202309,동대문구,버스,승하차인원,11304366,,376812
202308,동대문구,지하철,승하차인원,7766678,18731618,250538
202308,동대문구,버스,승하차인원,10964940,,353708
202307,동대문구,지하철,승하차인원,7514085,18623810,242390
202307,동대문구,버스,승하차인원,11109725,,358378
202306,동대문구,지하철,승하차인원,7975662,19295141,265855
202306,동대문구,버스,승하차인원,11319479,,377316
202305,동대문구,지하철,승하차인원,8665935,20276289,279546
202305,동대문구,버스,승하차인원,11610354,,374528
202304,동대문구,지하철,승하차인원,8387978,19613961,279599
202304,동대문구,버스,승하차인원,11225983,,374199
202303,동대문구,지하철,승하차인원,8912074,20670841,287486
202303,동대문구,버스,승하차인원,11758767,,379315
202302,동대문구,지하철,승하차인원,7396552,17165509,264163
202302,동대문구,버스,승하차인원,9768957,,348891
202301,동대문구,지하철,승하차인원,7301757,17120814,235541
202301,동대문구,버스,승하차인원,9819057,,316744
202312,동작구,지하철,승하차인원,15807806,25961667,509929
202312,동작구,버스,승하차인원,10153861,,327544
202311,동작구,지하철,승하차인원,15884520,26319080,529484
202311,동작구,버스,승하차인원,10434560,,347819
202310,동작구,지하철,승하차인원,15768173,26077661,508651
202310,동작구,버스,승하차인원,10309488,,332564
202309,동작구,지하철,승하차인원,15023779,25251762,500793
202309,동작구,버스,승하차인원,10227983,,340933
202308,동작구,지하철,승하차인원,14491794,24627416,467477
202308,동작구,버스,승하차인원,10135622,,326956
202307,동작구,지하철,승하차인원,14256551,24518335,459889
202307,동작구,버스,승하차인원,10261784,,331025
202306,동작구,지하철,승하차인원,14882254,25292090,496075
202306,동작구,버스,승하차인원,10409836,,346995
202305,동작구,지하철,승하차인원,15932361,26570948,513947
202305,동작구,버스,승하차인원,10638587,,343180
202304,동작구,지하철,승하차인원,15644974,25912896,521499
202304,동작구,버스,승하차인원,10267922,,342264
202303,동작구,지하철,승하차인원,16440812,27241447,530349
202303,동작구,버스,승하차인원,10800635,,348408
202302,동작구,지하철,승하차인원,14007244,23006728,500259
202302,동작구,버스,승하차인원,8999484,,321410
202301,동작구,지하철,승하차인원,13761508,22891070,443920
202301,동작구,버스,승하차인원,9129562,,294502
202312,마포구,지하철,승하차인원,20979668,32205140,676763
202312,마포구,버스,승하차인원,11225472,,362112
202311,마포구,지하철,승하차인원,20970137,32344769,699005
202311,마포구,버스,승하차인원,11374632,,379154
202310,마포구,지하철,승하차인원,20911344,32270210,674559
202310,마포구,버스,승하차인원,11358866,,366415
202309,마포구,지하철,승하차인원,19593378,30676813,653113
202309,마포구,버스,승하차인원,11083435,,369448
202308,마포구,지하철,승하차인원,19456127,30815565,627617
202308,마포구,버스,승하차인원,11359438,,366433
202307,마포구,지하철,승하차인원,19425386,30973198,626625
202307,마포구,버스,승하차인원,11547812,,372510
202306,마포구,지하철,승하차인원,19358025,30640134,645268
202306,마포구,버스,승하차인원,11282109,,376070
202305,마포구,지하철,승하차인원,20682870,32049940,667189
202305,마포구,버스,승하차인원,11367070,,366680
202304,마포구,지하철,승하차인원,20232284,31230281,674409
202304,마포구,버스,승하차인원,10997997,,366600
202303,마포구,지하철,승하차인원,21254078,32764350,685615
202303,마포구,버스,승하차인원,11510272,,371299
202302,마포구,지하철,승하차인원,18414699,28384707,657668
202302,마포구,버스,승하차인원,9970008,,356072
202301,마포구,지하철,승하차인원,17850414,27759620,575820
202301,마포구,버스,승하차인원,9909206,,319652
202312,서대문구,지하철,승하차인원,3003018,15177446,96872
202312,서대문구,버스,승하차인원,12174428,,392723
202311,서대문구,지하철,승하차인원,3122351,15679368,104078
202311,서대문구,버스,승하차인원,12557017,,418567
202310,서대문구,지하철,승하차인원,3057527,15385755,98630
202310,서대문구,버스,승하차인원,12328228,,397685
202309,서대문구,지하철,승하차인원,2895295,15082883,96510
202309,서대문구,버스,승하차인원,12187588,,406253
202308,서대문구,지하철,승하차인원,2835981,14772175,91483
202308,서대문구,버스,승하차인원,11936194,,385039
202307,서대문구,지하철,승하차인원,2758780,14902409,88993
202307,서대문구,버스,승하차인원,12143629,,391730
202306,서대문구,지하철,승하차인원,2858116,15135831,95271
202306,서대문구,버스,승하차인원,12277715,,409257
202305,서대문구,지하철,승하차인원,3097638,15840508,99924
202305,서대문구,버스,승하차인원,12742870,,411060
202304,서대문구,지하철,승하차인원,3007497,15350303,100250
202304,서대문구,버스,승하차인원,12342806,,411427
202303,서대문구,지하철,승하차인원,3187873,16159319,102835
202303,서대문구,버스,승하차인원,12971446,,418434
202302,서대문구,지하철,승하차인원,2710356,13340826,96798
202302,서대문구,버스,승하차인원,10630470,,379660
202301,서대문구,지하철,승하차인원,2617884,13228799,84448
202301,서대문구,버스,승하차인원,10610915,,342288
202312,서초구,지하철,승하차인원,16123761,28914114,520121
202312,서초구,버스,승하차인원,12790353,,412592
202311,서초구,지하철,승하차인원,16251767,29414153,541726
202311,서초구,버스,승하차인원,13162386,,438746
202310,서초구,지하철,승하차인원,15814120,28617877,510133
202310,서초구,버스,승하차인원,12803757,,413024
202309,서초구,지하철,승하차인원,15226060,27851178,507535
202309,서초구,버스,승하차인원,12625118,,420837
202308,서초구,지하철,승하차인원,15056956,28150121,485708
202308,서초구,버스,승하차인원,13093165,,422360
202307,서초구,지하철,승하차인원,14970450,28305144,482918
202307,서초구,버스,승하차인원,13334694,,430151
202306,서초구,지하철,승하차인원,15183908,28418287,506130
202306,서초구,버스,승하차인원,13234379,,441146
202305,서초구,지하철,승하차인원,16329082,29544828,526745
202305,서초구,버스,승하차인원,13215746,,426314
202304,서초구,지하철,승하차인원,15774548,28647196,525818
202304,서초구,버스,승하차인원,12872648,,429088
202303,서초구,지하철,승하차인원,16589997,30208156,535161
202303,서초구,버스,승하차인원,13618159,,439295
202302,서초구,지하철,승하차인원,14708328,26671799,525297
202302,서초구,버스,승하차인원,11963471,,427267
202301,서초구,지하철,승하차인원,14405311,26249858,464687
202301,서초구,버스,승하차인원,11844547,,382082
202312,성동구,지하철,승하차인원,11958755,17903802,385766
202312,성동구,버스,승하차인원,5945047,,191776
202311,성동구,지하철,승하차인원,12126253,18072898,404208
202311,성동구,버스,승하차인원,5946645,,198222
202310,성동구,지하철,승하차인원,11833403,17663711,381723
202310,성동구,버스,승하차인원,5830308,,188074
202309,성동구,지하철,승하차인원,11135480,16974817,371183
202309,성동구,버스,승하차인원,5839337,,194645
202308,성동구,지하철,승하차인원,10940531,16995097,352920
202308,성동구,버스,승하차인원,6054566,,195309
202307,성동구,지하철,승하차인원,10802747,16899153,348476
202307,성동구,버스,승하차인원,6096406,,196658
202306,성동구,지하철,승하차인원,11104924,17080377,370164
202306,성동구,버스,승하차인원,5975453,,199182
202305,성동구,지하철,승하차인원,11986945,17954010,386676
202305,성동구,버스,승하차인원,5967065,,192486
202304,성동구,지하철,승하차인원,11879793,17738517,395993
202304,성동구,버스,승하차인원,5858724,,195291
202303,성동구,지하철,승하차인원,12385757,18444677,399541
202303,성동구,버스,승하차인원,6058920,,195449
202302,성동구,지하철,승하차인원,10423172,15711725,372256
202302,성동구,버스,승하차인원,5288553,,188877
202301,성동구,지하철,승하차인원,10178284,15493433,328332
202301,성동구,버스,승하차인원,5315149,,171456
202312,성북구,지하철,승하차인원,7709118,21006393,248681
202312,성북구,버스,승하차인원,13297275,,428944
202311,성북구,지하철,승하차인원,8066774,21813659,268892
202311,성북구,버스,승하차인원,13746885,,458230
202310,성북구,지하철,승하차인원,7810266,21319485,251944
202310,성북구,버스,승하차인원,13509219,,435781
202309,성북구,지하철,승하차인원,7564490,20938804,252150
202309,성북구,버스,승하차인원,13374314,,445810
202308,성북구,지하철,승하차인원,6870935,19718020,221643
202308,성북구,버스,승하차인원,12847085,,414422
202307,성북구,지하철,승하차인원,6779398,19902350,218690
202307,성북구,버스,승하차인원,13122952,,423321
202306,성북구,지하철,승하차인원,7256789,20795320,241893
202306,성북구,버스,승하차인원,13538531,,451284
202305,성북구,지하철,승하차인원,8227699,22448315,265410
202305,성북구,버스,승하차인원,14220616,,458730
202304,성북구,지하철,승하차인원,7805417,21474028,260181
202304,성북구,버스,승하차인원,13668611,,455620
202303,성북구,지하철,승하차인원,8402665,22796823,271054
202303,성북구,버스,승하차인원,14394158,,464328
202302,성북구,지하철,승하차인원,6551514,18043699,233983
202302,성북구,버스,승하차인원,11492185,,410435
202301,성북구,지하철,승하차인원,6423446,18031802,207208
202301,성북구,버스,승하차인원,11608356,,374463
202312,송파구,지하철,승하차인원,20440597,32310990,659374
202312,송파구,버스,승하차인원,11870393,,382916
202311,송파구,지하철,승하차인원,19971888,31705903,665730
202311,송파구,버스,승하차인원,11734015,,391134
202310,송파구,지하철,승하차인원,19643045,31136351,633647
202310,송파구,버스,승하차인원,11493306,,370752
202309,송파구,지하철,승하차인원,18524994,29819670,617500
202309,송파구,버스,승하차인원,11294676,,376489
202308,송파구,지하철,승하차인원,18788039,30609197,606066
202308,송파구,버스,승하차인원,11821158,,381328
202307,송파구,지하철,승하차인원,18680212,30757432,602587
202307,송파구,버스,승하차인원,12077220,,389588
202306,송파구,지하철,승하차인원,18877065,30764834,629236
202306,송파구,버스,승하차인원,11887769,,396259
202305,송파구,지하철,승하차인원,19680585,31509217,634858
202305,송파구,버스,승하차인원,11828632,,381569
202304,송파구,지하철,승하차인원,19681364,31375368,656045
202304,송파구,버스,승하차인원,11694004,,389800
202303,송파구,지하철,승하차인원,19843561,32016648,640115
202303,송파구,버스,승하차인원,12173087,,392680
202302,송파구,지하철,승하차인원,17608929,28369111,628890
202302,송파구,버스,승하차인원,10760182,,384292
202301,송파구,지하철,승하차인원,17249432,27963924,556433
202301,송파구,버스,승하차인원,10714492,,345629
202312,양천구,지하철,승하차인원,4257265,12904043,137331
202312,양천구,버스,승하차인원,8646778,,278928
202311,양천구,지하철,승하차인원,4316826,12932804,143894
202311,양천구,버스,승하차인원,8615978,,287199
202310,양천구,지하철,승하차인원,4238711,12617126,136733
202310,양천구,버스,승하차인원,8378415,,270271
202309,양천구,지하철,승하차인원,4066215,12406957,135541
202309,양천구,버스,승하차인원,8340742,,278025
202308,양천구,지하철,승하차인원,4081063,12804191,131647
202308,양천구,버스,승하차인원,8723128,,281391
202307,양천구,지하철,승하차인원,4020425,12886326,129691
202307,양천구,버스,승하차인원,8865901,,285997
202306,양천구,지하철,승하차인원,4091557,12792218,136385
202306,양천구,버스,승하차인원,8700661,,290022
202305,양천구,지하철,승하차인원,4346167,13066299,140199
202305,양천구,버스,승하차인원,8720132,,281295
202304,양천구,지하철,승하차인원,4262844,12779531,142095
202304,양천구,버스,승하차인원,8516687,,283890
202303,양천구,지하철,승하차인원,4508046,13455409,145421
202303,양천구,버스,승하차인원,8947363,,288625
202302,양천구,지하철,승하차인원,3951344,11895991,141119
202302,양천구,버스,승하차인원,7944647,,283737
202301,양천구,지하철,승하차인원,3890932,11843110,125514
202301,양천구,버스,승하차인원,7952178,,256522
202312,영등포구,지하철,승하차인원,17644418,29968000,569175
202312,영등포구,버스,승하차인원,12323582,,397535
202311,영등포구,지하철,승하차인원,17873108,30194909,595770
202311,영등포구,버스,승하차인원,12321801,,410727
202310,영등포구,지하철,승하차인원,17635149,29711483,568876
202310,영등포구,버스,승하차인원,12076334,,389559
202309,영등포구,지하철,승하차인원,16783871,28711169,559462
202309,영등포구,버스,승하차인원,11927298,,397577
202308,영등포구,지하철,승하차인원,16899178,29441403,545135
202308,영등포구,버스,승하차인원,12542225,,404588
202307,영등포구,지하철,승하차인원,16494112,29195247,532068
202307,영등포구,버스,승하차인원,12701135,,409714
202306,영등포구,지하철,승하차인원,16751897,29147531,558397
202306,영등포구,버스,승하차인원,12395634,,413188
202305,영등포구,지하철,승하차인원,17547798,29901872,566058
202305,영등포구,버스,승하차인원,12354074,,398519
202304,영등포구,지하철,승하차인원,17729465,29881791,590982
202304,영등포구,버스,승하차인원,12152326,,405078
202303,영등포구,지하철,승하차인원,18256297,30890876,588913
202303,영등포구,버스,승하차인원,12634579,,407567
202302,영등포구,지하철,승하차인원,16024488,27231671,572303
202302,영등포구,버스,승하차인원,11207183,,400257
202301,영등포구,지하철,승하차인원,15644217,26915765,504652
202301,영등포구,버스,승하차인원,11271548,,363598
202312,용산구,지하철,승하차인원,11744705,20489637,378861
202312,용산구,버스,승하차인원,8744932,,282095
202311,용산구,지하철,승하차인원,11710090,20639020,390336
202311,용산구,버스,승하차인원,8928930,,297631
202310,용산구,지하철,승하차인원,11854512,21056350,382404
202310,용산구,버스,승하차인원,9201838,,296833
202309,용산구,지하철,승하차인원,11167416,20113962,372247
202309,용산구,버스,승하차인원,8946546,,298218
202308,용산구,지하철,승하차인원,11121274,19942791,358751
202308,용산구,버스,승하차인원,8821517,,284565
202307,용산구,지하철,승하차인원,10886738,19819145,351185
202307,용산구,버스,승하차인원,8932407,,288142
202306,용산구,지하철,승하차인원,11045612,20158935,368187
202306,용산구,버스,승하차인원,9113323,,303777
202305,용산구,지하철,승하차인원,11656183,20721156,376006
202305,용산구,버스,승하차인원,9064973,,292418
202304,용산구,지하철,승하차인원,11229886,20069687,374330
202304,용산구,버스,승하차인원,8839801,,294660
202303,용산구,지하철,승하차인원,11619500,20741298,374823
202303,용산구,버스,승하차인원,9121798,,294252
202302,용산구,지하철,승하차인원,10216240,17875568,364866
202302,용산구,버스,승하차인원,7659328,,273547
202301,용산구,지하철,승하차인원,9928041,17455135,320259
202301,용산구,버스,승하차인원,7527094,,242809
202312,은평구,지하철,승하차인원,9750959,20288384,314547
202312,은평구,버스,승하차인원,10537425,,339917
202311,은평구,지하철,승하차인원,9926492,20531066,330883
202311,은평구,버스,승하차인원,10604574,,353486
202310,은평구,지하철,승하차인원,9912476,20486730,319757
202310,은평구,버스,승하차인원,10574254,,341105
202309,은평구,지하철,승하차인원,9391459,19756024,313049
202309,은평구,버스,승하차인원,10364565,,345486
202308,은평구,지하철,승하차인원,9398456,20021610,303176
202308,은평구,버스,승하차인원,10623154,,342682
202307,은평구,지하철,승하차인원,9198134,19959598,296714
202307,은평구,버스,승하차인원,10761464,,347144
202306,은평구,지하철,승하차인원,9345564,20025518,311519
202306,은평구,버스,승하차인원,10679954,,355998
202305,은평구,지하철,승하차인원,9983865,20800335,322060
202305,은평구,버스,승하차인원,10816470,,348918
202304,은평구,지하철,승하차인원,9766100,20329483,325537
202304,은평구,버스,승하차인원,10563383,,352113
202303,은평구,지하철,승하차인원,10273638,21295651,331408
202303,은평구,버스,승하차인원,11022013,,355549
202302,은평구,지하철,승하차인원,8884732,18315939,317312
202302,은평구,버스,승하차인원,9431207,,336829
202301,은평구,지하철,승하차인원,8740800,18205549,281961
202301,은평구,버스,승하차인원,9464749,,305314
202312,종로구,지하철,승하차인원,18818205,30424365,607039
202312,종로구,버스,승하차인원,11606160,,374392
202311,종로구,지하철,승하차인원,18723419,30755470,624114
202311,종로구,버스,승하차인원,12032051,,401068
202310,종로구,지하철,승하차인원,19051989,31259643,614580
202310,종로구,버스,승하차인원,12207654,,393795
202309,종로구,지하철,승하차인원,17621440,29278852,587381
202309,종로구,버스,승하차인원,11657412,,388580
202308,종로구,지하철,승하차인원,17142026,28375868,552969
202308,종로구,버스,승하차인원,11233842,,362382
202307,종로구,지하철,승하차인원,16901870,28273310,545222
202307,종로구,버스,승하차인원,11371440,,366821
202306,종로구,지하철,승하차인원,17277470,29029831,575916
202306,종로구,버스,승하차인원,11752361,,391745
202305,종로구,지하철,승하차인원,18842072,30964021,607809
202305,종로구,버스,승하차인원,12121949,,391031
202304,종로구,지하철,승하차인원,18102079,29893182,603403
202304,종로구,버스,승하차인원,11791103,,393037
202303,종로구,지하철,승하차인원,19075730,31385831,615346
202303,종로구,버스,승하차인원,12310101,,397100
202302,종로구,지하철,승하차인원,16495047,26686890,589109
202302,종로구,버스,승하차인원,10191843,,363994
202301,종로구,지하철,승하차인원,15701896,25675086,506513
202301,종로구,버스,승하차인원,9973190,,321716
202312,중구,지하철,승하차인원,24778762,33137372,799315
202312,중구,버스,승하차인원,8358610,,269633
202311,중구,지하철,승하차인원,24670283,33156562,822343
202311,중구,버스,승하차인원,8486279,,282876
202310,중구,지하철,승하차인원,23939321,32610753,772236
202310,중구,버스,승하차인원,8671432,,279724
202309,중구,지하철,승하차인원,22596767,30711899,753226
202309,중구,버스,승하차인원,8115132,,270504
202308,중구,지하철,승하차인원,22484918,30529535,725320
202308,중구,버스,승하차인원,8044617,,259504
202307,중구,지하철,승하차인원,22022216,30135040,710394
202307,중구,버스,승하차인원,8112824,,261704
202306,중구,지하철,승하차인원,22340515,30679375,744684
202306,중구,버스,승하차인원,8338860,,277962
202305,중구,지하철,승하차인원,23776588,32168044,766987
202305,중구,버스,승하차인원,8391456,,270692
202304,중구,지하철,승하차인원,22999293,31180806,766643
202304,중구,버스,승하차인원,8181513,,272717
202303,중구,지하철,승하차인원,23891909,32229927,770707
202303,중구,버스,승하차인원,8338018,,268968
202302,중구,지하철,승하차인원,20412532,27545334,729019
202302,중구,버스,승하차인원,7132802,,254743
202301,중구,지하철,승하차인원,19771832,26778721,637801
202301,중구,버스,승하차인원,7006889,,226029
202312,중랑구,지하철,승하차인원,6278897,14415285,202545
202312,중랑구,버스,승하차인원,8136388,,262464
202311,중랑구,지하철,승하차인원,6389252,14504733,212975
202311,중랑구,버스,승하차인원,8115481,,270516
202310,중랑구,지하철,승하차인원,6381886,14344040,205867
202310,중랑구,버스,승하차인원,7962154,,256844
202309,중랑구,지하철,승하차인원,6086635,14025868,202888
202309,중랑구,버스,승하차인원,7939233,,264641
202308,중랑구,지하철,승하차인원,6042755,14094042,194928
202308,중랑구,버스,승하차인원,8051287,,259719
202307,중랑구,지하철,승하차인원,5904884,14126598,190480
202307,중랑구,버스,승하차인원,8221714,,265217
202306,중랑구,지하철,승하차인원,6090800,14250531,203027
202306,중랑구,버스,승하차인원,8159731,,271991
202305,중랑구,지하철,승하차인원,6607555,14975558,213147
202305,중랑구,버스,승하차인원,8368003,,269936
202304,중랑구,지하철,승하차인원,6358625,14416150,211954
202304,중랑구,버스,승하차인원,8057525,,268584
202303,중랑구,지하철,승하차인원,6692886,15145177,215900
202303,중랑구,버스,승하차인원,8452291,,272655
202302,중랑구,지하철,승하차인원,5758920,12950955,205676
202302,중랑구,버스,승하차인원,7192035,,256858
202301,중랑구,지하철,승하차인원,5681290,12931082,183267
202301,중랑구,버스,승하차인원,7249792,,233864
