Column1,행정구,행정동,인구수,age_10,age_20,age_3040,노약자,사업체수,종사자수,집개수,소득,버스정류장개수,지하철역개수,도로평균속도,1인당자동차등록대수,시내버스노선수,버스승차량
0,송파구,가락1동,27670,0.096313697,0.095699313,0.354354897,0.142211782,3791,12367,9716,4973588,14,3,16.42,0.412215396,131,2536468
1,송파구,가락2동,31450,0.103529412,0.130174881,0.310715421,0.149570747,3155,11544,10424,3910198,21,2,15.61,0.342066773,60,2364616
2,송파구,가락본동,25617,0.063551548,0.140570715,0.318070032,0.164929539,5069,28151,8410,3521561,25,1,16.24,0.491314362,105,3266207
3,구로구,가리봉동,12478,0.025324571,0.1468184,0.285061709,0.17887482,1189,4248,2551,2336331,9,0,15.08,0.218785062,63,2449595
4,금천구,가산동,27166,0.0250681,0.268571008,0.376058308,0.110248104,25043,182376,6200,2567594,105,3,18.46,0.736582493,199,11305765
5,강서구,가양1동,34255,0.050036491,0.231265509,0.395533499,0.10170778,9982,70656,7921,3560388,62,3,18.19,0.778426507,184,4519880
6,강서구,가양2동,13599,0.029193323,0.098610192,0.266784322,0.331789102,914,3352,7085,3065320,15,0,24.45,0.308846239,48,716974
7,강서구,가양3동,14321,0.028908596,0.090356819,0.331960059,0.276517003,1252,7941,7454,3047051,15,0,14.53,0.52894351,38,731099
8,종로구,가회동,3986,0.079528349,0.105870547,0.298043151,0.212995484,969,14180,1601,3479766,21,0,18.1,0.317360763,0,755212
9,은평구,갈현1동,14820,0.064709852,0.145411606,0.281106613,0.214642375,2038,5306,7330,2481200,36,0,16.06,0.366464238,51,2007430
10,은평구,갈현2동,27817,0.080921739,0.141963547,0.282992415,0.195204371,2344,6776,9400,2539257,29,1,14.68,0.269727145,71,3241509
11,강동구,강일동,32810,0.108137763,0.10347455,0.293477598,0.185675099,1443,5960,11745,3073250,51,2,24.08,0.387717159,200,3481016
12,구로구,개봉1동,34067,0.065723427,0.119617225,0.292482461,0.206651598,2540,6162,10967,2805757,47,1,16.96,0.324801127,90,6422870
13,구로구,개봉2동,30382,0.068527418,0.111348825,0.281910342,0.233658087,1789,3901,11045,3068971,25,0,14.68,0.304160358,62,3820727
14,구로구,개봉3동,20136,0.065554231,0.11094557,0.275675407,0.230780691,1428,8477,7266,2512790,22,0,15.69,0.284962257,27,1420799
15,강남구,개포1동,6909,0.105514546,0.097119699,0.255029671,0.246345347,279,1251,1608,5336373,14,0,18.52,0.560862643,76,1040850
16,강남구,개포2동,40944,0.123534584,0.113594177,0.323026573,0.129371825,1309,4366,7063,5195802,34,3,18.86,0.250732708,118,3348333
17,강남구,개포3동,17010,0.095590829,0.097530864,0.316108172,0.213874192,863,10440,6680,4553185,13,1,22.7,0.36478542,34,1296987
18,강남구,개포4동,23597,0.093189812,0.125609188,0.320506844,0.155104462,2900,12667,7409,3550527,26,0,16.55,0.362418952,69,1622212
19,송파구,거여1동,12113,0.069759762,0.136630067,0.269627673,0.212086188,1228,3504,3552,2789100,8,1,18.47,0.336745645,30,1049478
20,송파구,거여2동,23696,0.074231938,0.106980081,0.303595544,0.189989872,1225,4647,5382,3033238,9,0,15.95,0.312964213,30,948161
21,강동구,고덕1동,24040,0.159151414,0.08390183,0.325041597,0.131489185,1274,3072,7536,4618641,21,0,17.91,0.351622296,28,1258090
22,강동구,고덕2동,22928,0.102494766,0.092506978,0.345908932,0.143143754,1063,3653,6605,2465499,20,0,21.26,0.347653524,78,1771055
23,구로구,고척1동,26614,0.069850455,0.129894041,0.328887052,0.179867739,3188,10326,7405,2972418,31,0,16.52,0.294694522,74,4469444
24,구로구,고척2동,26407,0.078729125,0.120839171,0.261256485,0.217328739,2416,5276,8142,2882639,36,0,16.95,0.328549248,26,2835620
25,마포구,공덕동,37244,0.058049619,0.158710128,0.317286006,0.167543765,3861,21353,11878,4047702,35,2,15.59,0.321582,89,4884914
26,노원구,공릉1동,36867,0.068272439,0.19166192,0.274852849,0.193262267,3992,14564,13582,2786137,45,3,19.24,0.299210676,165,3461739
27,노원구,공릉2동,42448,0.100852808,0.174990577,0.290708632,0.145448549,2754,13078,12923,3394877,52,1,17.15,0.308141726,194,4351381
28,강서구,공항동,30316,0.074943924,0.126764745,0.343646919,0.149261116,2838,34394,7888,2896818,57,2,20.45,0.379997361,235,2513997
29,광진구,광장동,34296,0.158881502,0.113336832,0.301084675,0.121180313,2180,14269,10349,5284540,38,1,24.09,0.340477024,166,1867503
30,중구,광희동,7117,0.037937333,0.261205564,0.320640719,0.161444429,9352,34741,1828,3229604,24,3,14.46,0.341998033,96,4458539
31,종로구,교남동,9870,0.081560284,0.114285714,0.326038501,0.170719352,592,8371,3917,4616890,22,0,20.39,0.298074975,45,3484043
32,구로구,구로1동,20756,0.093515128,0.116592792,0.348525728,0.146415494,1158,3235,6820,3368067,21,0,18.25,0.793890923,23,1294763
33,구로구,구로2동,29104,0.049512095,0.107476636,0.267007971,0.215193788,9656,31811,7183,2453690,42,1,17.75,0.362390049,184,8034834
34,구로구,구로3동,25049,0.055052098,0.183600144,0.361012416,0.151223602,10885,94712,7361,2888444,47,2,15.24,0.354624935,57,6468187
35,구로구,구로4동,22670,0.046052051,0.120511689,0.284693427,0.222761359,2393,6469,8483,2617060,13,1,13.58,0.332995148,35,2414427
36,구로구,구로5동,31767,0.048131709,0.163062297,0.329933579,0.166336135,5596,28055,8740,3213284,34,1,15.81,0.36764567,82,5544567
37,은평구,구산동,31743,0.079608103,0.135966985,0.267397536,0.206817251,1996,6219,10543,2602334,34,0,14.89,0.294206597,66,3399848
38,광진구,구의1동,23929,0.052697564,0.207154499,0.338041707,0.144845167,2623,7443,5195,2683701,13,1,18.46,0.279409921,40,2692546
39,광진구,구의2동,26329,0.084583539,0.130388545,0.299745528,0.179307987,1929,5989,7341,2948328,21,1,16.58,0.276463215,56,2835129
40,광진구,구의3동,28095,0.081687133,0.148033458,0.310304325,0.162164086,3708,16217,9070,4010979,23,1,22.51,0.32632141,111,2343205
41,광진구,군자동,21592,0.051639496,0.269590589,0.301778436,0.150935532,2389,9834,4556,2604535,22,0,17.97,0.238977399,88,3165596
42,성동구,금호1가동,14943,0.071806197,0.104195945,0.325235896,0.188516362,927,2416,6021,4010011,39,1,14.11,0.320952955,13,1394289
43,성동구,금호2.3가동,22124,0.058985717,0.113677454,0.335563189,0.184189116,1458,2963,7453,3751434,37,0,15.22,0.282995842,22,1695573
44,성동구,금호4가동,14329,0.06601996,0.095749878,0.348872915,0.182287668,999,2294,5223,4442144,31,1,18.26,0.315793147,34,2458542
45,강동구,길동,44976,0.059164888,0.142475987,0.307608502,0.1964381,5966,23814,14776,2840603,37,1,17.09,0.353922092,105,3393428
46,성북구,길음1동,34909,0.143029018,0.098054943,0.316680512,0.140049844,1583,4419,11859,4462339,27,1,15.45,0.307828927,57,5648584
47,성북구,길음2동,21925,0.092405929,0.116761688,0.312337514,0.150330673,1696,5554,5855,3736133,22,0,17.31,0.294047891,71,3759650
48,관악구,낙성대동,18054,0.047745652,0.342583361,0.327905173,0.114212917,1997,8919,3543,3225725,36,0,17.79,0.219231195,71,5653584
49,관악구,난곡동,26037,0.062411184,0.142796789,0.270960556,0.220993202,1485,3215,7659,2268676,22,0,15.9,0.242232208,53,3756417
50,관악구,난향동,14908,0.091024953,0.109538503,0.280185135,0.197142474,734,2130,4938,3262195,15,0,16.37,0.324523746,55,1970810
51,서대문구,남가좌1동,16954,0.110416421,0.094962841,0.339094019,0.138551374,954,2718,5609,4622839,15,1,15.36,0.318331957,86,2655933
52,서대문구,남가좌2동,30444,0.080836947,0.164137433,0.29707003,0.168768887,2044,5698,8979,3237719,25,0,16,0.278938379,89,4968496
53,용산구,남영동,7385,0.034800271,0.124983074,0.281381178,0.214624238,2245,18439,1714,3183091,21,4,15,0.360189573,120,6855360
54,관악구,남현동,17998,0.040004445,0.214412713,0.327814202,0.170074453,1442,5853,5277,3234026,9,0,19.54,0.27764196,82,1617025
55,서초구,내곡동,17332,0.087756751,0.097795984,0.307465959,0.202284791,1493,9802,5435,4047063,64,1,21.47,0.474959612,171,2414858
56,동작구,노량진1동,32764,0.058906116,0.187522891,0.303992187,0.18749237,2367,7337,10612,3583099,52,3,19.86,0.264955439,136,8514889
57,동작구,노량진2동,11198,0.036792284,0.201018039,0.300232184,0.205483122,2011,6809,2752,2420761,12,0,21.24,0.211644937,85,4690546
58,은평구,녹번동,36563,0.058447064,0.126083746,0.307988951,0.207094604,3045,13682,12546,3055864,27,2,15.21,0.285726007,144,4479970
59,강남구,논현1동,21836,0.039063931,0.195823411,0.419399157,0.13885327,8395,48548,8113,3277066,18,4,13.23,0.475728155,143,6822750
60,강남구,논현2동,20855,0.060081515,0.160537041,0.377894989,0.155837929,9228,71748,7132,3973993,26,4,13.57,0.488899544,86,4285283
61,광진구,능동,11515,0.045505862,0.210768563,0.363612679,0.149630916,1214,6229,2531,2846023,8,3,13.82,0.264871906,42,1518920
62,중구,다산동,13809,0.051995076,0.164892461,0.29741473,0.209645883,2023,8723,4507,2679845,8,2,12.16,0.242740242,33,1260126
63,동대문구,답십리1동,28391,0.068084957,0.140009158,0.34067134,0.151808672,3799,9651,9261,3538405,27,0,15.08,0.338417104,59,2769830
64,동대문구,답십리2동,27883,0.062869849,0.118351684,0.293404583,0.212817846,2847,8207,9791,3049260,20,0,15.95,0.309471721,73,3765198
65,영등포구,당산1동,21355,0.043221728,0.177382346,0.36010302,0.167501756,5494,24326,5770,3536432,21,2,14.7,0.361320534,76,2723048
66,영등포구,당산2동,37226,0.06302047,0.188201794,0.363563101,0.134126686,4485,29031,10563,4130932,43,2,19.59,0.346720034,185,6411266
67,영등포구,대림1동,16259,0.052217234,0.12097915,0.278491912,0.2097915,1472,4850,4052,2582442,16,0,13.95,0.300325973,52,2706004
68,영등포구,대림2동,17631,0.03890874,0.121830866,0.301060632,0.186716579,2049,4876,4241,2686240,12,1,14.33,0.230729964,41,1681767
69,영등포구,대림3동,25094,0.054754124,0.118434686,0.280066948,0.199250817,3310,10073,7375,2907933,36,0,15.81,0.323025424,58,2339222
70,동작구,대방동,36054,0.100377212,0.172352582,0.296416486,0.16120264,2475,12300,11808,3524765,54,2,17.32,0.292699839,121,7530347
71,은평구,대조동,27731,0.054091089,0.187912445,0.306444052,0.192275792,3363,7968,8662,2535013,24,3,14.31,0.218672244,86,3747079
72,강남구,대치1동,24014,0.22386941,0.095111185,0.280419755,0.115432664,1406,7459,6935,7421305,18,1,14.18,0.742358624,129,4863029
73,강남구,대치2동,38206,0.173873214,0.107496205,0.278621159,0.144820185,5880,70537,11109,6017362,30,3,16.13,0.393681621,206,6281946
74,강남구,대치4동,19174,0.123344112,0.163659122,0.34953583,0.110097006,5882,37270,6564,4101144,14,0,13.11,0.717064775,88,4372840
75,관악구,대학동,27244,0.038944355,0.302672148,0.341763324,0.12032007,2179,14916,4400,2622408,54,1,20.8,0.180663632,167,7599494
76,마포구,대흥동,16425,0.057473364,0.308980213,0.291567732,0.120974125,1968,9808,3335,3421062,31,3,14.82,0.237321157,177,5488375
77,강남구,도곡1동,20813,0.116417624,0.121414501,0.315043482,0.151924278,2616,18547,6840,5412484,21,1,13.63,0.430548215,109,4756019
78,강남구,도곡2동,32694,0.146418303,0.108613201,0.280571359,0.161405763,2990,21648,10213,6567504,20,2,15.71,0.413623295,86,2621890
79,영등포구,도림동,19571,0.045015584,0.138367993,0.322466915,0.181544121,1707,3580,4005,3031484,23,0,15.89,0.29078739,21,1722837
80,도봉구,도봉1동,20280,0.051134122,0.108086785,0.231410256,0.301084813,2147,6178,6964,2275377,36,0,15.57,0.327268245,99,3078504
81,도봉구,도봉2동,26093,0.054612348,0.105545549,0.259418235,0.269305944,2035,7780,9542,2811820,43,3,16.25,0.324033266,112,2408888
82,마포구,도화동,20867,0.068864715,0.127521925,0.311544544,0.188239804,3142,17730,7170,4217433,33,3,17.41,0.374610629,27,2618146
83,금천구,독산1동,48208,0.050800697,0.174970959,0.364545304,0.134645702,5608,24752,13038,3000453,66,0,17.66,0.372407069,70,5439783
84,금천구,독산2동,19278,0.054466231,0.129214649,0.27144932,0.200280112,1531,4184,4931,2251577,9,0,15.17,0.271656811,94,3590921
85,금천구,독산3동,27090,0.045256552,0.142488003,0.282650425,0.191362126,2677,6887,6967,2386851,22,0,15.41,0.280546327,113,5269138
86,금천구,독산4동,16212,0.055020972,0.127189736,0.26572909,0.198371577,1385,3457,3946,2255044,15,0,15.15,0.278188996,85,3994180
87,성북구,돈암1동,14420,0.075312067,0.132524272,0.262066574,0.213661581,688,2087,5778,3583117,14,0,18.23,0.288557559,63,4878840
88,성북구,돈암2동,23619,0.111859096,0.115923621,0.28532114,0.160252339,909,2893,8240,4297592,34,0,19.64,0.320674034,15,1872742
89,성북구,동선동,16016,0.061688312,0.332667333,0.270541958,0.139110889,2682,10483,4298,2821008,17,0,14.68,0.213474026,68,6252072
90,중구,동화동,10136,0.077841358,0.118291239,0.27081689,0.202446725,1337,4391,3180,3621349,4,0,17.25,0.288082084,11,426736
91,강동구,둔촌1동,71,0.070422535,0.126760563,0.366197183,0.14084507,36,286,5,3596734,9,2,14.57,7.676056338,21,598397
92,강동구,둔촌2동,24387,0.077623324,0.129208185,0.297166523,0.183704433,2063,9942,7962,3414406,29,1,16.37,0.327961619,69,2349328
93,강서구,등촌1동,25121,0.045539588,0.192149994,0.405716333,0.127383464,2720,17753,6384,3322838,15,1,17.12,0.368576092,83,2704772
94,강서구,등촌2동,19541,0.071439537,0.139859782,0.316513996,0.179417635,1211,3972,7009,3352636,9,0,10.23,0.342357095,66,2599056
95,강서구,등촌3동,29726,0.05587701,0.112460472,0.279485972,0.24826751,3261,20336,13522,3403390,49,1,16.32,0.306701204,116,4334008
96,성동구,마장동,22390,0.066592229,0.196784279,0.268378741,0.184948638,4030,12518,6564,3021967,28,1,17.62,0.3830728,44,2087497
97,송파구,마천1동,18316,0.075234767,0.112579166,0.244922472,0.242301813,1419,3006,5299,2435636,13,1,18.21,0.321412972,49,1157991
98,송파구,마천2동,17906,0.061096839,0.116106333,0.246565397,0.242544399,1796,4727,5354,2339431,13,0,17.24,0.320730481,58,2239631
99,중랑구,망우3동,16157,0.057869654,0.131769512,0.253636195,0.226093953,1507,4272,3604,2231082,11,0,14.62,0.326421984,33,1601886
100,중랑구,망우본동,35946,0.05811495,0.127135147,0.303566461,0.197462861,4406,12914,7453,2443681,56,3,20.07,0.311272464,341,5962140
101,마포구,망원1동,19499,0.056464434,0.16257244,0.344581773,0.179393815,2837,6549,7047,2802536,23,0,21.58,0.292527822,12,2139652
102,마포구,망원2동,18232,0.078049583,0.144361562,0.32064502,0.181494076,2043,4844,6467,2912810,35,0,33.16,0.293220711,20,1714382
103,중랑구,면목2동,24069,0.056961236,0.125306411,0.282853463,0.20657277,2477,5975,6489,2322173,23,0,19.92,0.309319041,68,2293775
104,중랑구,면목3.8동,25011,0.051657271,0.13981848,0.278357523,0.217624245,2776,7878,6375,2354962,30,0,13.7,0.242893127,84,3763382
105,중랑구,면목4동,18550,0.061347709,0.124420485,0.284528302,0.218436658,2568,4971,5408,2573570,13,1,16.1,0.278921833,58,1772095
106,중랑구,면목5동,14735,0.058228707,0.104445199,0.336002715,0.168849678,1161,3336,4409,2233073,11,0,26.43,0.319714964,68,1542873
107,중랑구,면목7동,21614,0.050707875,0.130656056,0.291015083,0.213148885,1957,4800,6204,2655671,18,0,16.3,0.277412788,79,2160525
108,중랑구,면목본동,33647,0.049632954,0.150622641,0.299372901,0.194073766,3481,7511,8582,2336892,28,1,14.32,0.238416501,95,4679158
109,중구,명동,3510,0.049287749,0.147863248,0.305128205,0.221652422,8849,110506,547,3733600,29,1,14.65,2.219373219,250,7903636
110,강동구,명일1동,25415,0.092189652,0.109423569,0.312610663,0.175093449,2470,7262,8248,3540203,24,1,15.11,0.328192013,82,2431654
111,강동구,명일2동,17253,0.139048281,0.125253579,0.281690141,0.167043413,1468,5403,4629,4514278,13,1,15.7,0.335709732,61,1581860
112,양천구,목1동,30386,0.167412624,0.099980254,0.304811426,0.120384388,3862,23811,7768,5667672,24,2,15.35,0.382840782,127,7362338
113,양천구,목2동,29213,0.07715743,0.14918016,0.328004655,0.157429911,1985,5297,10552,3244963,15,2,17.78,0.29966111,38,2299240
114,양천구,목3동,21451,0.061022796,0.145074822,0.322735537,0.174210992,1931,5170,7164,3101712,8,1,16.47,0.299379982,53,3228713
115,양천구,목4동,24686,0.123065705,0.153771368,0.271327878,0.14299603,1997,4562,7503,3426858,14,0,14.85,0.296483837,52,3161714
116,양천구,목5동,40715,0.1772811,0.098882476,0.294928159,0.128478448,2306,10260,12391,5987821,28,0,16.75,0.351958738,118,5051526
117,종로구,무악동,8040,0.115671642,0.103109453,0.26840796,0.186567164,761,1891,2860,5136717,4,0,12.86,0.347761194,26,603330
118,중랑구,묵1동,33979,0.08631802,0.141646311,0.288590011,0.187527591,2326,6252,10805,3120718,32,0,18.25,0.312369405,107,2588525
119,중랑구,묵2동,18466,0.057781869,0.136629481,0.29183364,0.210711578,2393,4973,5309,2533867,20,1,20.35,0.304343117,39,1172984
120,영등포구,문래동,32390,0.092775548,0.111083668,0.359184934,0.15310281,7922,49600,9046,4019445,42,1,17.21,0.431769065,152,4036961
121,송파구,문정1동,19705,0.070895712,0.144734839,0.311596042,0.168231413,1988,6841,6783,3568357,17,0,14.36,0.552448617,84,1558420
122,송파구,문정2동,28981,0.050688382,0.164142024,0.410372313,0.149442738,13813,93614,5607,4425648,32,3,18.85,0.502467134,168,3070248
123,관악구,미성동,30309,0.068164572,0.14949355,0.280411759,0.207133195,2218,6187,8791,2676537,36,0,14.78,0.276023623,102,5437393
124,강북구,미아동,21657,0.055824906,0.181003832,0.25511382,0.222884056,2337,6971,6555,2318870,27,1,15.5,0.220113589,42,3807428
125,서초구,반포1동,34387,0.119172943,0.118940297,0.36022334,0.125541629,2593,13146,9429,5338302,20,2,16.03,0.341989705,103,3674468
126,서초구,반포2동,18735,0.174859888,0.089991994,0.294422204,0.139097945,539,2333,4702,6812331,19,1,18.34,0.311022151,59,2453358
127,서초구,반포3동,23946,0.140065147,0.108452351,0.296333417,0.143948885,1392,7458,7183,6140775,15,0,18.83,0.326902197,72,7932881
128,서초구,반포4동,19299,0.117259962,0.108347583,0.310793305,0.160526452,4459,30539,6192,5280483,32,3,13.91,0.364889373,30,2941715
129,서초구,반포본동,258,0.127906977,0.112403101,0.282945736,0.158914729,374,1286,3662,5583021,3,1,20.52,4.84496124,38,622211
130,강서구,발산1동,36044,0.137110199,0.120241927,0.289007879,0.149317501,6786,32771,12284,3192517,59,1,16.7,0.387887027,120,4155443
131,서초구,방배1동,16730,0.079318589,0.131918709,0.331201435,0.184160191,2468,17090,5539,4069239,22,1,15.57,0.435325762,31,3028869
132,서초구,방배2동,18229,0.081957321,0.128147457,0.303417631,0.198749246,2784,17750,5306,3864301,36,1,17.98,0.328707005,119,3828299
133,서초구,방배3동,17076,0.100667604,0.115249473,0.279690794,0.19700164,1983,13217,6828,4681587,44,1,14.74,0.41133755,93,3353933
134,서초구,방배4동,23172,0.115484205,0.125064733,0.317063698,0.160668048,3223,14236,7712,4557937,29,0,14.3,0.348696703,55,3486177
135,서초구,방배본동,20622,0.13538939,0.119241587,0.290757444,0.160459703,2459,10660,5743,4856162,21,0,14.64,0.383570944,23,2172467
136,송파구,방이1동,15275,0.097937807,0.139378069,0.299312602,0.157512275,1963,8979,4921,3970520,12,1,15.39,0.448837971,37,1259641
137,송파구,방이2동,26695,0.04158082,0.198501592,0.387226072,0.141224948,5121,21736,8214,2928271,13,1,15.09,0.293613036,59,2451964
138,도봉구,방학1동,28013,0.073108914,0.127797808,0.250169564,0.227251633,2996,13758,8331,2895702,31,1,15.87,0.365330382,109,3788696
139,도봉구,방학2동,18893,0.067326523,0.117662626,0.235960409,0.250780712,1576,3226,6149,2099146,23,0,15.85,0.256232467,51,2406752
140,도봉구,방학3동,26259,0.097261891,0.107658327,0.254084314,0.215316653,1476,3861,9698,2962092,26,0,17.52,0.318824022,80,3089552
141,강서구,방화1동,42512,0.101383139,0.108628152,0.312617614,0.171528039,3658,11304,13673,3407916,43,2,15.68,0.352182913,89,1963023
142,강서구,방화2동,23036,0.055608613,0.13669908,0.301267581,0.224778607,3860,16238,7532,2708397,36,7,30.97,0.405843028,275,1698040
143,강서구,방화3동,22199,0.062300104,0.090904996,0.302355962,0.258480112,1287,4689,9698,3044446,21,1,22.96,0.330465336,37,683707
144,강북구,번1동,18417,0.049790954,0.179508063,0.285877179,0.208665906,2486,10192,4529,2303972,23,1,14.19,0.259597111,92,7617462
145,강북구,번2동,15055,0.057256725,0.126735304,0.237794753,0.279375623,912,3732,6723,2308539,42,0,18.59,0.2405181,46,3214348
146,강북구,번3동,16505,0.067615874,0.10645259,0.230475613,0.29960618,1126,3302,7257,2548326,35,0,17.68,0.271311724,35,2469012
147,용산구,보광동,13585,0.048951049,0.14228929,0.318733898,0.198895841,1155,2365,3588,2545653,13,0,17.84,0.226131763,23,2140642
148,관악구,보라매동,24392,0.05444408,0.190636274,0.301205313,0.198261725,2025,6990,6221,2529995,25,1,14.73,0.253648737,45,2805875
149,성북구,보문동,16680,0.061151079,0.173081535,0.315227818,0.15881295,1787,6720,4580,3162623,9,2,17.36,0.275059952,38,2244539
150,종로구,부암동,9443,0.090119665,0.133643969,0.286561474,0.196441809,894,3762,3070,3647449,34,0,19.05,0.332521444,83,3475730
151,서대문구,북가좌1동,17709,0.107346547,0.107741826,0.291433734,0.18069908,1490,3745,6089,4005416,12,0,16.62,0.41645491,87,2210718
152,서대문구,북가좌2동,31111,0.070168108,0.143357655,0.277040275,0.216515059,2743,6468,10603,2590646,36,0,14.67,0.273697406,98,3806491
153,서대문구,북아현동,15796,0.063307166,0.128386933,0.342618384,0.151557356,1154,2656,5298,4172659,16,0,17.98,0.283552798,52,2461948
154,은평구,불광1동,37826,0.063421985,0.126394543,0.283085708,0.216834981,2408,7000,13601,3182963,38,1,14.1,0.276608682,184,6495015
155,은평구,불광2동,27073,0.054630074,0.143242345,0.270453958,0.234587966,1924,4933,8970,2396457,26,1,15.83,0.239500609,111,3790699
156,성동구,사근동,14048,0.065845672,0.460421412,0.20785877,0.110051253,1310,10537,3183,3099614,40,2,21.67,0.160165148,41,1923875
157,동작구,사당1동,22954,0.03563649,0.227106387,0.339200139,0.173259563,2463,10779,5780,2855173,12,3,13.1,0.238433389,78,2996837
158,동작구,사당2동,28517,0.062629309,0.123820879,0.304555178,0.209699478,2159,6817,8341,3884988,30,3,20.06,0.290773924,105,5015070
159,동작구,사당3동,24038,0.066810883,0.128920875,0.306057076,0.200599052,1470,4960,7759,3890035,27,0,15.58,0.295074465,25,2113642
160,동작구,사당4동,14073,0.047893129,0.17238684,0.311660627,0.204647197,963,2159,4080,2844168,4,1,14.96,0.249626945,7,422821
161,동작구,사당5동,14293,0.06415728,0.143146995,0.332540404,0.17547051,910,2034,3515,3047661,24,0,19.7,0.294060029,20,1339651
162,종로구,사직동,9326,0.071734935,0.116448638,0.319429552,0.199549646,5035,56013,2778,5007768,31,2,19.12,0.876045464,173,9418793
163,강북구,삼각산동,30817,0.124379401,0.106175163,0.292922737,0.158224357,1405,2949,11376,3734477,22,0,16.59,0.304312555,51,2550482
164,성북구,삼선동,22875,0.07589071,0.200655738,0.273748634,0.180415301,2507,11157,6987,3057377,38,3,14.82,0.252371585,66,7484470
165,강남구,삼성1동,12584,0.092657343,0.128973299,0.304593134,0.180705658,7353,73562,4595,5098096,30,2,19.42,0.670057216,203,7176369
166,강남구,삼성2동,30776,0.115382116,0.1236353,0.35654406,0.129841435,6267,48407,10178,5055114,21,2,15.56,0.402976345,99,4224160
167,관악구,삼성동,20265,0.056698742,0.110387367,0.238341969,0.277473476,1368,3064,7833,2593695,30,0,17.55,0.290352825,73,3269975
168,강북구,삼양동,22751,0.072084744,0.126499934,0.256516197,0.226319722,1562,4104,7808,2473211,29,3,16.08,0.260296251,41,2059098
169,송파구,삼전동,29574,0.060999527,0.16602421,0.377358491,0.14651383,2884,12315,11497,2779980,14,0,15.53,0.29847163,45,2588402
170,종로구,삼청동,2495,0.080160321,0.102204409,0.289378758,0.250501002,956,4978,730,3442534,17,0,18.28,0.311422846,20,1646363
171,노원구,상계10동,18274,0.082029112,0.126299661,0.311261902,0.16394878,818,2515,6422,3132098,24,0,19.91,0.293422349,118,2302990
172,노원구,상계1동,37267,0.079587839,0.124131269,0.259800896,0.210400623,3934,11608,13410,3030316,29,1,22.81,0.370059302,86,2538081
173,노원구,상계2동,19405,0.083122906,0.15542386,0.244988405,0.189538779,3325,11074,6042,3122902,26,1,14.85,0.311311518,74,4168483
174,노원구,상계3.4동,27469,0.075867341,0.112708872,0.249663257,0.237904547,1849,4821,9292,2644186,18,0,21.83,0.293494485,65,725664
175,노원구,상계5동,23222,0.075015072,0.127852898,0.244681767,0.231633796,2755,6516,7347,2481440,29,1,15.72,0.25445698,39,1708640
176,노원구,상계6.7동,31717,0.085253965,0.129047514,0.304158653,0.170949333,2685,18222,13648,3152836,30,0,19.79,0.283002806,132,4142578
177,노원구,상계8동,21919,0.080204389,0.110178384,0.381039281,0.144304028,824,1943,9090,3153561,13,1,34.52,0.296683243,31,942143
178,노원구,상계9동,19800,0.088282828,0.122323232,0.288181818,0.194141414,1036,2848,8260,2955988,19,0,18.28,0.292575758,35,1286641
179,동작구,상도1동,46534,0.073516139,0.252696953,0.258757038,0.16413805,2616,9396,14737,3875896,44,2,15.12,0.26758929,131,10185644
180,동작구,상도2동,27875,0.073399103,0.149130045,0.323587444,0.161147982,1855,5790,9039,3826699,36,1,15.69,0.293883408,61,3802446
181,동작구,상도3동,24374,0.058751128,0.173422499,0.297981456,0.196602938,1613,3766,7246,2575897,33,0,7.4,0.23336342,24,2962321
182,동작구,상도4동,28194,0.063027595,0.154004398,0.305774278,0.195821806,1614,3516,8275,2563258,33,0,14.9,0.243988083,23,2377621
183,중랑구,상봉1동,23455,0.075506289,0.12862929,0.288552547,0.180089533,1952,6705,7937,2969913,13,2,18.43,0.343594116,60,1011173
184,중랑구,상봉2동,20673,0.032602912,0.204276109,0.354713878,0.153581967,3344,9431,6146,2575432,18,1,19.84,0.258936777,173,6120442
185,마포구,상암동,30487,0.126742546,0.140781317,0.296618231,0.144520615,4109,51381,9956,4158486,96,2,21.58,0.370321776,363,10045483
186,강동구,상일동,51284,0.119735106,0.088577083,0.336344261,0.129757434,2154,21013,10472,3690212,58,0,17.24,0.218586694,204,4262607
187,마포구,서강동,25371,0.114386792,0.132496631,0.292958221,0.164504717,2846,10812,8454,4339738,63,2,17.14,0.302077175,33,2106819
188,마포구,서교동,26369,0.0687399,0.206574435,0.315833038,0.134366008,13024,61160,9189,3212258,79,5,15.28,0.320110736,347,17781562
189,관악구,서림동,24598,0.0434222,0.28393189,0.351094088,0.128067048,1644,3444,5152,2530625,23,1,17.53,0.223066916,84,3764848
190,용산구,서빙고동,13357,0.043946662,0.258232377,0.331937556,0.154646719,777,6126,4268,4208562,24,1,20.91,0.352624092,64,2526054
191,관악구,서원동,23770,0.111252527,0.122782062,0.297447032,0.163135435,1911,8436,5454,2412001,21,2,13.28,0.214009255,82,7572081
192,서초구,서초1동,20526,0.033066891,0.289903239,0.331762726,0.145687842,5686,42507,6735,4769119,35,1,16.56,0.833576927,94,2934375
193,서초구,서초2동,26451,0.092565527,0.136120043,0.340397545,0.157312677,8772,71566,6901,5196131,45,2,15.51,0.383236929,340,6770853
194,서초구,서초3동,32381,0.091376508,0.140750822,0.376091641,0.128539564,12046,84922,10040,4678950,74,3,15.65,0.469966956,196,7734913
195,서초구,서초4동,30554,0.08471017,0.164540934,0.320064235,0.158765943,4302,31706,9224,6475383,42,0,16.23,0.386365124,170,4437269
196,성북구,석관동,34940,0.13602147,0.113176671,0.298127905,0.145545591,3072,8770,10472,2864182,29,2,20.18,0.279107041,103,3599350
197,송파구,석촌동,31530,0.059616485,0.145220378,0.274212936,0.219834001,4113,17243,12091,2927911,19,3,17.97,0.313764669,158,4181768
198,강동구,성내1동,19658,0.052457977,0.164161116,0.371297177,0.154995243,3082,17417,6767,3438376,21,1,15.47,0.42267779,55,1886566
199,강동구,성내2동,23620,0.082714417,0.128293824,0.321599349,0.168633635,2617,7288,6199,2824592,18,2,19.32,0.271295512,56,2122605
200,강동구,성내3동,22798,0.045215919,0.160668925,0.316850127,0.198687553,3220,9494,6685,2897346,15,0,15.27,0.305991754,38,1673683
201,성북구,성북동,16606,0.066891833,0.148346346,0.298929731,0.187165541,1790,6288,5605,3470748,46,0,19.49,0.287907985,71,4945120
202,마포구,성산1동,18971,0.067385282,0.162290738,0.300192701,0.188184993,2506,11135,6662,2814646,26,0,18.14,0.331400559,78,3007713
203,마포구,성산2동,39141,0.068683781,0.165463075,0.338042275,0.165410363,3376,13659,13092,3521472,40,2,19.37,0.292327738,142,4387145
204,성동구,성수1가1동,15812,0.076467132,0.172504535,0.319971386,0.167471449,2982,14473,4897,3870717,32,1,25.6,0.657538578,65,1883742
205,성동구,성수1가2동,12221,0.058879332,0.145395902,0.317670124,0.154060207,4784,26199,3689,3263294,12,1,20.7,0.553064397,48,1248380
206,성동구,성수2가1동,15131,0.063169953,0.14900581,0.34121594,0.167171263,3557,20402,4288,2900762,30,0,21.99,0.527460181,74,2017695
207,성동구,성수2가3동,10365,0.049434935,0.131055449,0.296146983,0.198731082,8853,63385,2944,3358391,21,1,14.56,0.673516643,39,2090574
208,관악구,성현동,28582,0.047949831,0.171152918,0.314230584,0.1815726,1328,3238,10578,3455108,29,0,15.65,0.291197257,47,3266974
209,강남구,세곡동,45828,0.092610734,0.129522077,0.279056749,0.199076342,2466,9881,12596,3885403,66,0,19.16,0.419917954,329,5626415
210,중구,소공동,3512,0.110958366,0.118137383,0.331631317,0.15767653,5107,64308,685,5380521,36,3,15.41,1.188496583,262,10475696
211,성동구,송정동,10221,0.084851936,0.095387244,0.444476082,0.095387244,1005,2879,2331,2566462,13,0,23.13,0.27208688,21,1076636
212,강북구,송중동,29486,0.050386459,0.157714509,0.295372273,0.186772331,3022,8752,8803,2555447,57,0,15.6,0.237366886,115,11826686
213,강북구,송천동,25397,0.064640847,0.139625585,0.27670759,0.215424269,2658,7730,7165,2444557,18,1,15.71,0.228727802,104,5010367
214,송파구,송파1동,23805,0.054179628,0.125684136,0.247037052,0.254124503,3406,16572,9335,3129216,14,0,15.8,0.324511657,109,3106688
215,송파구,송파2동,18733,0.048687251,0.175215291,0.37231674,0.154589372,1257,3951,6583,4370970,12,0,16.94,0.35829819,23,792609
216,구로구,수궁동,23141,0.094058613,0.126781615,0.30283457,0.16788555,1801,6447,8840,2682295,41,2,16.81,0.351929476,133,4368735
217,은평구,수색동,19225,0.077956873,0.116027829,0.282917765,0.213257854,791,2760,3114,3253972,18,3,15.15,0.244213264,170,2458780
218,강남구,수서동,14217,0.070741222,0.124057217,0.318439532,0.154486346,2229,18865,7246,3847379,18,2,21.86,0.366392347,116,5083768
219,강북구,수유1동,20344,0.035520855,0.081662798,0.248716326,0.358444116,2031,5815,6781,2220463,39,1,16.1,0.275019662,77,4262585
220,강북구,수유2동,20836,0.061639796,0.147463626,0.265237908,0.229600865,1828,4637,7243,2577008,13,1,15.06,0.257631023,54,2386089
221,강북구,수유3동,23920,0.059992321,0.129487426,0.249136111,0.251823767,3235,9873,5962,2205999,24,0,15.83,0.208988294,96,7413919
222,종로구,숭인1동,6102,0.046948161,0.200752508,0.268938127,0.207859532,736,1897,1588,2868519,12,1,16.75,0.242051786,28,2297190
223,종로구,숭인2동,10540,0.057194363,0.134709931,0.283677483,0.208947886,2267,6053,3358,2607311,8,0,13.73,0.207305503,43,1903334
224,금천구,시흥1동,33883,0.032068311,0.272390892,0.282163188,0.166603416,4103,15341,10181,2757307,42,1,16.11,0.350942951,130,6397835
225,금천구,시흥2동,20705,0.06088599,0.132987044,0.289466694,0.199421539,1090,2778,7981,3181421,20,0,18.27,0.345568703,17,2206913
226,금천구,시흥3동,10457,0.096595025,0.102680512,0.25805361,0.215889882,3839,9592,4077,2516251,16,0,30.17,0.419623219,44,1240154
227,금천구,시흥4동,20253,0.059481687,0.115042555,0.257148322,0.241656307,1171,2350,5976,2405620,25,0,16.38,0.310225646,39,2602059
228,금천구,시흥5동,18824,0.065224905,0.118698464,0.254875821,0.226830593,1517,3732,5507,2375052,35,0,16.13,0.28660221,80,4106497
229,영등포구,신길1동,20641,0.064226519,0.113578411,0.248565661,0.247768806,1492,4556,4280,2780044,21,1,18.56,0.239377937,55,3128324
230,영등포구,신길3동,17083,0.044523037,0.181241219,0.313696042,0.181483455,1274,2701,4739,3085442,25,0,14.43,0.288649535,56,2240501
231,영등포구,신길4동,12980,0.063220746,0.117660832,0.29391793,0.199145349,620,1455,3725,2717791,13,0,15.32,0.287442219,30,1456592
232,영등포구,신길5동,11021,0.06587057,0.111479199,0.299383667,0.197688752,721,2192,2301,2656511,21,0,15.72,0.308501951,60,1366275
233,영등포구,신길6동,18507,0.070229562,0.101351964,0.288993739,0.202340985,1659,5235,5043,2954616,23,2,15.49,0.285351489,65,2080614
234,영등포구,신길7동,20044,0.060679743,0.154374021,0.300805101,0.187334522,996,3511,6690,3616070,32,3,15.95,0.334364398,55,2474697
235,중랑구,신내1동,38247,0.089702654,0.122979445,0.337357813,0.139592896,3257,15420,12959,2780491,53,1,25.44,0.335058959,316,5146365
236,중랑구,신내2동,19906,0.100818365,0.11386514,0.271786022,0.197819437,1556,7186,8440,3060535,19,0,16.87,0.346177032,86,3553517
237,중구,신당5동,10472,0.075002512,0.109916608,0.279764895,0.224907063,1552,4149,3376,3027979,8,1,13.23,0.2855233,36,2071613
238,중구,신당동,8921,0.049274255,0.15565317,0.312834225,0.184778457,12136,23988,2526,2816850,8,2,13.86,0.378432911,31,1493677
239,동작구,신대방1동,25123,0.031947091,0.222844973,0.302880843,0.172178007,1453,3806,6538,3845094,14,0,15.55,0.298332206,31,1401748
240,동작구,신대방2동,22383,0.091629184,0.13919516,0.291087848,0.17036182,1810,18775,5520,3340157,28,2,16.54,0.284725015,49,3147946
241,구로구,신도림동,36089,0.080418175,0.166108207,0.327123263,0.15820042,3711,15112,11124,4380318,41,3,19.63,0.353875142,122,6014708
242,관악구,신림동,24037,0.098173959,0.116572917,0.344647954,0.144143645,2385,6024,4242,2434279,17,1,14.5,0.19045638,69,7121345
243,은평구,신사1동,26761,0.020010817,0.395515247,0.374131547,0.085576403,1986,5162,9417,2637581,24,1,17.19,0.299503008,63,3214517
244,은평구,신사2동,19153,0.06812152,0.136093569,0.29195471,0.204289825,2060,4261,6580,2635300,31,1,15.02,0.324231191,46,3218962
245,관악구,신사동,24630,0.072834543,0.13078891,0.282723333,0.21171618,6143,28917,4211,5099915,18,1,14.59,0.207754771,71,1738257
246,강남구,신사동,15680,0.040722696,0.256110434,0.304141291,0.153796184,2088,4914,4948,2430662,14,1,18.69,0.494132653,67,4420569
247,마포구,신수동,22555,0.079627577,0.154688539,0.313145644,0.154289515,2337,7126,7508,4157605,24,0,16.31,0.330170694,10,773163
248,관악구,신원동,18547,0.040599558,0.243058177,0.306518574,0.183749393,1172,2777,3858,2403237,10,0,15.78,0.178573354,0,909945
249,양천구,신월1동,19852,0.058331654,0.119181946,0.269796494,0.230203506,2238,5875,6314,2227154,9,0,16.06,0.413056619,45,1538471
250,양천구,신월2동,21068,0.084535789,0.117571673,0.290772736,0.205382571,1622,4847,7374,2727225,9,0,15.65,0.321340421,64,2382664
251,양천구,신월3동,14603,0.064575772,0.120934055,0.267205369,0.221598302,1462,5259,4371,2152244,11,0,13.32,0.387317674,64,1201669
252,양천구,신월4동,17590,0.088175099,0.111938601,0.282546902,0.208300171,1605,3977,6145,2639083,10,0,18.1,0.365321205,57,2031023
253,양천구,신월5동,14233,0.081500738,0.130892995,0.288343989,0.190824141,1316,4437,4715,2615553,13,0,15.2,0.325581395,82,1430576
254,양천구,신월6동,13963,0.091527609,0.103201318,0.33166225,0.152116307,2061,3735,5099,2857257,12,0,15.28,0.500393898,45,1788383
255,양천구,신월7동,18812,0.057569636,0.114926643,0.26786094,0.245162662,1777,5684,8547,2343943,19,0,19.85,0.332660004,74,2059605
256,양천구,신정1동,19819,0.146273778,0.105555275,0.284474494,0.148998436,1582,6150,6041,5046256,28,0,15.89,0.415863565,79,2285387
257,양천구,신정2동,18971,0.155974909,0.114174266,0.270201887,0.151178114,1560,4330,6119,4725315,14,0,15.01,0.330873438,35,1113266
258,양천구,신정3동,50151,0.107654882,0.121213934,0.280433092,0.168471217,3433,10739,15440,3158844,60,1,15.81,0.324380371,252,5947156
259,양천구,신정4동,32653,0.063271369,0.15732092,0.299421186,0.195357241,4593,17802,10151,2609700,18,1,15.07,0.276483018,127,5315309
260,양천구,신정6동,23933,0.14849789,0.110600426,0.289600134,0.132118832,1044,6577,7214,5384412,19,0,15.39,0.369071993,73,1914352
261,양천구,신정7동,28492,0.114874351,0.105643689,0.268742103,0.194335252,1555,5264,10861,4094404,27,1,17.23,0.320967289,75,2153225
262,서대문구,신촌동,26777,0.046532472,0.507076969,0.241401203,0.081151735,5275,34964,5570,3331768,47,2,17.52,0.14493782,356,16653153
263,도봉구,쌍문1동,21098,0.070101431,0.140724239,0.250687269,0.232818277,1457,4787,7530,2440535,44,0,17.42,0.303678074,48,2799880
264,도봉구,쌍문2동,18139,0.063950604,0.122222835,0.270136171,0.230993991,1680,5781,6473,2430154,15,0,14.28,0.272286234,55,3256511
265,도봉구,쌍문3동,16707,0.056263842,0.150655414,0.279643263,0.216196804,1307,4323,5022,2438072,15,0,16.02,0.234392769,38,2682609
266,도봉구,쌍문4동,18211,0.099555214,0.122892757,0.266322552,0.188786997,907,2236,6835,2968285,17,0,17.2,0.298995113,26,2056211
267,마포구,아현동,29038,0.070493836,0.115710448,0.374991391,0.126696053,2417,13499,9091,5237419,17,2,18.27,0.289999311,105,4188263
268,성북구,안암동,17439,0.055278399,0.42123975,0.216239463,0.124491083,1927,14353,4022,2896471,31,1,16.5,0.177303744,46,3124767
269,강동구,암사1동,34189,0.069466788,0.128316125,0.29804908,0.192167071,2733,6272,10089,2852157,13,0,15.6,0.304981134,24,1053395
270,강동구,암사2동,14963,0.066965181,0.118358618,0.336764018,0.174964913,1200,3806,5214,3688535,6,1,29.76,0.335160061,8,491850
271,강동구,암사3동,17380,0.110874568,0.103164557,0.304372842,0.167376295,1132,2626,5583,4470889,11,0,21.89,0.362715765,13,1155674
272,강남구,압구정동,25752,0.104613234,0.109273066,0.276871699,0.208799317,5978,36485,8856,5808537,23,2,17.91,0.476001864,108,7833404
273,중구,약수동,16433,0.055619789,0.110996166,0.281871843,0.251323556,1210,4519,6584,3894878,12,2,16.01,0.287835453,21,1314207
274,서초구,양재1동,42482,0.104444235,0.113177346,0.312908997,0.178146038,5646,47376,14561,4173236,73,1,21.37,0.492514477,405,11157093
275,서초구,양재2동,21604,0.067209776,0.15154601,0.356091465,0.148074431,7927,51408,6842,3222382,50,1,22.53,0.600907239,241,6228661
276,영등포구,양평1동,18477,0.054391947,0.166098393,0.414028251,0.133842074,4862,25006,4229,3508250,22,1,16.84,0.527412459,48,1858780
277,영등포구,양평2동,22725,0.062134213,0.166292629,0.390231023,0.123168317,3692,23744,7115,3672088,31,1,25.8,0.523432343,121,3258750
278,영등포구,여의동,33297,0.089617683,0.108298045,0.30552302,0.196804517,15940,192014,10202,5590853,63,6,18.01,0.619545304,379,17444446
279,강남구,역삼1동,35509,0.039849052,0.207412205,0.455856262,0.106564533,22326,176153,11995,3607265,47,7,12.65,0.592300544,322,13882717
280,강남구,역삼2동,37126,0.157356031,0.122636427,0.356138555,0.106098152,6033,45149,11862,5367397,26,0,14.28,0.411194311,108,5885508
281,은평구,역촌동,44429,0.070134372,0.135001913,0.291116163,0.204573589,3716,9380,14882,2521877,50,0,17.36,0.273109906,78,5056118
282,마포구,연남동,15229,0.047869197,0.21531289,0.351369098,0.161862237,3103,8438,5648,2980162,21,0,15.02,0.267909909,34,2421539
283,서대문구,연희동,37274,0.061463755,0.238986961,0.287814562,0.169796641,3420,13243,11675,3383749,57,0,18.81,0.268015239,226,10364160
284,마포구,염리동,17693,0.096478833,0.162324083,0.346408184,0.121121347,1106,5256,3186,4051438,9,0,17.14,0.295936246,42,1258833
285,강서구,염창동,41471,0.105181934,0.130549058,0.354247546,0.116442815,3097,16227,13248,4127504,36,0,20.45,0.373731041,106,4629776
286,영등포구,영등포동,31338,0.027027889,0.26479035,0.397121705,0.11302572,14943,41886,7586,3570107,49,2,16.81,0.337322101,289,13424408
287,영등포구,영등포본동,22651,0.051918238,0.129265816,0.291731049,0.200874134,1924,6381,6404,3286751,20,1,16.46,0.276411637,42,2390121
288,송파구,오금동,37799,0.07886452,0.12584989,0.281621207,0.189528824,3613,19900,12963,3510674,38,1,15.41,0.365221302,113,3777173
289,구로구,오류1동,23432,0.04784056,0.180821099,0.335225333,0.185344828,1733,5168,6927,2574851,14,1,20.39,0.293700922,85,2672148
290,구로구,오류2동,38189,0.104925502,0.111655189,0.285448689,0.202702349,2420,8474,13985,2781178,58,1,16.12,0.367802247,163,3096562
291,송파구,오륜동,17870,0.14224958,0.108282037,0.261947398,0.179462787,728,4992,5543,6095160,24,3,13.44,0.373810856,92,1952382
292,성동구,옥수동,25698,0.063779282,0.097089268,0.354307728,0.171258464,1506,4717,9899,4836487,40,2,17.4,0.344657172,39,2542131
293,성동구,왕십리2동,16508,0.065059365,0.143385025,0.31863339,0.165556094,1232,2948,5060,3474994,14,1,17.01,0.271686455,37,1432388
294,성동구,왕십리도선동,26830,0.061721953,0.159411107,0.318635855,0.151285874,3234,11495,8480,4015131,26,0,15.35,0.300633619,63,2680444
295,마포구,용강동,21690,0.100046104,0.096173352,0.364499769,0.143107423,4088,23581,7309,4787212,23,1,23.33,0.437436607,35,1884824
296,성동구,용답동,12915,0.045296167,0.24258614,0.278358498,0.176926055,2497,12834,2504,2484354,11,3,18.77,0.60356175,49,2659893
297,용산구,용문동,11577,0.056404941,0.143992399,0.308370044,0.194696381,963,2159,4231,3568910,17,2,12.95,0.290921655,12,817530
298,용산구,용산2가동,10229,0.048782872,0.160817284,0.342066673,0.204809854,844,2129,3243,2540319,27,1,17.51,0.207644931,37,3339801
299,동대문구,용신동,40016,0.049180328,0.195771691,0.324595162,0.163634546,6982,30470,8495,2894254,38,5,17.47,0.255122951,238,11606684
300,강북구,우이동,20118,0.062928721,0.117556417,0.256287901,0.25251019,1557,5515,7122,2457144,34,3,20.06,0.29202704,116,3671942
301,강서구,우장산동,44041,0.124361391,0.119683931,0.309779524,0.147748689,2508,7147,13395,4135674,28,1,16.34,0.314275334,99,3854654
302,용산구,원효로1동,17837,0.056904188,0.167404833,0.403711386,0.118966194,2634,12179,5251,4450695,23,0,15.87,0.355216684,76,3037995
303,용산구,원효로2동,13792,0.073593387,0.141313805,0.31337007,0.177276682,1564,7229,4631,3817026,23,0,20.94,0.365356729,45,2010193
304,노원구,월계1동,21384,0.073325851,0.192340067,0.251215862,0.206135428,1921,6647,7568,2777397,44,0,17.44,0.314627759,122,5564589
305,노원구,월계2동,25745,0.074383375,0.108836667,0.260050495,0.242804428,1436,3961,11477,2728093,40,1,19.47,0.303204506,83,2975397
306,노원구,월계3동,28989,0.066335507,0.112008003,0.293697609,0.226430715,1536,4525,12688,3110675,24,1,21.09,0.305667667,127,2037338
307,성북구,월곡1동,25909,0.094947702,0.111775831,0.28935891,0.195839284,1841,5848,8267,3294213,21,0,15.29,0.288741364,58,3322283
308,성북구,월곡2동,19652,0.073020558,0.193415428,0.269539996,0.194382251,2162,11083,5672,3138026,27,2,20.8,0.268522288,48,2154159
309,송파구,위례동,44922,0.13670362,0.094786519,0.361604559,0.0843462,1264,5146,9962,4202887,58,0,18.42,0.336182717,257,4874650
310,관악구,은천동,33014,0.078148664,0.159174895,0.303871085,0.189858848,2434,7925,10519,3063077,42,0,14.37,0.263100503,71,4849964
311,중구,을지로동,3206,0.024329382,0.160636307,0.424204616,0.154709919,9784,31528,422,3082514,17,4,15.24,0.502183406,53,1391075
312,성동구,응봉동,15042,0.101050392,0.111820237,0.312059567,0.174644329,682,1162,5322,3858472,33,1,18.35,0.30228693,20,1303352
313,은평구,응암1동,33075,0.08,0.130279667,0.329191232,0.169674981,2605,8853,7341,2726133,23,0,15.96,0.287377173,107,5917329
314,은평구,응암2동,27782,0.093045857,0.090166295,0.358505507,0.154704485,1284,3096,9263,3510245,35,0,15.39,0.31624793,40,2219504
315,은평구,응암3동,23916,0.054524168,0.143711323,0.270613815,0.246278642,2467,6002,6999,2360910,25,0,15.3,0.238961365,79,2859414
316,동대문구,이문1동,21364,0.06244149,0.365427823,0.214941022,0.154090994,1641,6654,4948,3000929,27,1,16.9,0.19102228,44,2618530
317,동대문구,이문2동,19988,0.080898539,0.147738643,0.263057835,0.212677607,1049,2385,6280,3137841,10,1,16.95,0.267310386,33,1263497
318,용산구,이촌1동,25578,0.106263195,0.100437876,0.288255532,0.173977637,1387,4107,9540,5974291,21,0,18.68,0.348228947,60,2125779
319,용산구,이촌2동,7997,0.058646993,0.102538452,0.307615356,0.227835438,558,1183,3415,3596083,11,0,22.03,0.338752032,34,1078806
320,용산구,이태원1동,7890,0.043346008,0.172496831,0.355386565,0.175411914,1871,6544,2198,3682946,15,1,17.05,0.292775665,33,2055323
321,용산구,이태원2동,10263,0.054175192,0.143817597,0.361005554,0.184448992,1285,3282,3058,3261019,21,0,18.77,0.246321738,24,1524265
322,종로구,이화동,7566,0.04493788,0.25257732,0.287205921,0.183980967,1673,17365,2624,3024996,20,1,13.56,0.226539783,98,4930344
323,강북구,인수동,29501,0.066607912,0.122809396,0.252533812,0.252262635,2226,6650,10128,2359990,49,0,15.37,0.25470323,63,3178957
324,관악구,인헌동,25948,0.052219824,0.232079544,0.321412055,0.162363188,1609,4684,6849,2783693,23,1,14.95,0.22772468,12,2364941
325,강남구,일원1동,14806,0.067945428,0.134540051,0.287586114,0.236525733,1708,6381,4792,3022931,15,0,20.48,0.311157639,18,1152013
326,강남구,일원본동,22876,0.142944571,0.099012065,0.300926735,0.153960483,732,10021,7280,5444886,27,1,17.3,0.363131666,111,2665081
327,광진구,자양1동,22840,0.063879159,0.181523643,0.316987741,0.167469352,2303,9645,5398,2745988,13,0,14.82,0.335113835,48,2194730
328,광진구,자양2동,23995,0.071014795,0.136861846,0.30806418,0.180037508,2196,7033,7066,2999213,14,0,28.14,0.344988539,41,2376480
329,광진구,자양3동,27567,0.088293975,0.128668335,0.298327711,0.169151522,1922,7600,8582,4353416,19,0,20.43,0.340479559,50,2278397
330,광진구,자양4동,23303,0.044543621,0.191606231,0.291078402,0.1785607,2197,6234,4613,2795134,12,1,29.6,0.220529546,46,2056396
331,송파구,잠실2동,35016,0.167095042,0.095299292,0.325194197,0.114033585,1137,4639,11241,6352641,7,1,23.65,0.348269363,90,1424637
332,송파구,잠실3동,34047,0.119305666,0.103944547,0.286016389,0.183980967,2115,8502,11046,5452682,26,0,19.41,0.353775663,189,6225506
333,송파구,잠실4동,21242,0.124752848,0.087091611,0.324828171,0.146925902,633,1906,6866,6007987,9,2,15.82,0.480933999,47,699323
334,송파구,잠실6동,16631,0.103842222,0.106487884,0.291984848,0.188743912,3492,55275,5372,5237775,15,2,22.73,0.738440262,119,5788141
335,송파구,잠실7동,9446,0.095596019,0.118568706,0.232691086,0.244336227,335,1259,3198,6014516,4,2,16.16,0.385560025,35,1524623
336,송파구,잠실본동,28233,0.053766869,0.179506252,0.374880459,0.143342897,4300,21755,9583,3079387,13,1,16.59,0.313498388,75,3674847
337,서초구,잠원동,26982,0.125972871,0.125083389,0.308761396,0.13338522,3812,20974,11494,5458458,24,1,20.14,0.370395078,83,3269886
338,동대문구,장안1동,38147,0.067082602,0.133562272,0.32322332,0.184994888,6654,22326,11799,2863708,27,0,18.68,0.340367526,73,6434532
339,동대문구,장안2동,32859,0.087008126,0.115158708,0.321860069,0.172738063,3956,12725,9852,2920490,33,0,15.65,0.324568611,105,5256283
340,성북구,장위1동,23708,0.074152185,0.131854226,0.287540071,0.182723131,1532,3104,6134,2231978,33,0,14.71,0.275645352,67,3059888
341,성북구,장위2동,13482,0.058893339,0.137516689,0.265020027,0.238911141,1538,3865,4120,2411293,27,1,14.98,0.244029076,46,2027307
342,성북구,장위3동,15800,0.084303797,0.126139241,0.316962025,0.144746835,877,2429,6078,3113825,36,0,14.84,0.321772152,69,2355197
343,송파구,장지동,28786,0.083408601,0.124609185,0.310359202,0.168693115,1968,9283,11732,3263464,43,1,19.38,0.380879594,202,3737691
344,중구,장충동,5440,0.058272059,0.325183824,0.255147059,0.163419118,1041,9357,2433,2895026,13,1,13.76,0.239705882,28,1559634
345,동대문구,전농1동,31659,0.063173189,0.159101677,0.283394927,0.191098898,3020,7638,8308,3070695,31,2,16.51,0.236615181,157,7714770
346,동대문구,전농2동,18556,0.086441043,0.122494072,0.268322914,0.210767407,1358,5460,6437,3136080,12,0,15.29,0.293651649,57,3238057
347,성북구,정릉1동,18070,0.093082457,0.127670172,0.297177643,0.181239624,1275,2752,5856,3341356,16,1,14.1,0.340453791,57,2991048
348,성북구,정릉2동,22874,0.071347381,0.13963452,0.273585731,0.210282417,1422,3344,8211,2934717,46,0,14.8,0.28158608,69,3545654
349,성북구,정릉3동,16742,0.064209772,0.277864054,0.218372954,0.20666587,1042,5404,5359,2482564,32,0,22.63,0.215924023,70,3235522
350,성북구,정릉4동,24624,0.08264295,0.136492853,0.267868746,0.2097141,1524,5018,8993,3038165,34,1,18,0.293940871,106,4975045
351,동대문구,제기동,25808,0.053433044,0.236903286,0.234423435,0.224232796,5355,13094,7896,2792227,27,1,16.12,0.249845009,163,7372328
352,관악구,조원동,21013,0.041069814,0.219911483,0.342264313,0.153714367,2707,7336,4180,2523192,26,0,15.23,0.237709989,92,9190948
353,종로구,종로1.2.3.4가동,8648,0.054000925,0.149398705,0.297409806,0.208024977,17286,107067,1652,3245251,68,0,15.91,0.730457909,376,22008316
354,종로구,종로5.6가동,5916,0.043441515,0.246112238,0.270114943,0.182048682,7972,22872,1319,2531450,18,0,15.1,0.295638945,93,4219513
355,성북구,종암동,39799,0.090328903,0.17176311,0.270383678,0.180984447,2858,8433,12235,3381883,59,0,21.11,0.266363476,106,6527749
356,노원구,중계1동,26419,0.199439797,0.108104016,0.289147962,0.101858511,1470,4522,8743,4623227,18,0,15.26,0.320110527,52,2346528
357,노원구,중계2.3동,32780,0.083160464,0.112873703,0.267541184,0.239109213,2047,5777,14301,2936682,31,0,16.75,0.259090909,112,3053621
358,노원구,중계4동,19284,0.100653391,0.123210952,0.245955196,0.220389961,1410,4285,7706,3196660,7,0,16.12,0.296567102,18,2264252
359,노원구,중계본동,23125,0.181881081,0.126313514,0.259545946,0.118702703,1724,5840,8088,4197248,18,0,14.95,0.339027027,69,2924761
360,광진구,중곡1동,15640,0.044117647,0.187659847,0.327749361,0.172186701,2152,6363,3613,2542359,18,0,23.89,0.305051151,55,1662490
361,광진구,중곡2동,20950,0.061050119,0.163102625,0.318902148,0.17026253,2350,7380,4986,2555101,17,0,16.91,0.248782816,44,2006801
362,광진구,중곡3동,16032,0.053393214,0.149638224,0.307260479,0.189558383,1764,5019,3870,2390961,21,1,21.92,0.250748503,59,1733557
363,광진구,중곡4동,28032,0.061536815,0.143906963,0.278538813,0.19916524,1707,4257,7366,2523958,34,0,16.39,0.26501855,26,2157860
364,중구,중림동,12372,0.059004203,0.109036534,0.343840931,0.181053993,1340,9166,4324,4435938,11,0,14.21,0.308923375,66,2043129
365,관악구,중앙동,15691,0.035306864,0.295201071,0.320311006,0.158562233,1658,6950,3591,2633493,14,0,12.44,0.19010898,56,3229171
366,중랑구,중화1동,19068,0.061674009,0.126232431,0.300293686,0.209565765,1565,4476,5691,2518956,14,0,17.59,0.292164884,39,1239184
367,중랑구,중화2동,24417,0.041692264,0.139492976,0.281566122,0.218986772,2584,7044,6553,2253552,28,2,19.9,0.253307122,85,3746752
368,은평구,증산동,18523,0.074447984,0.129730605,0.28694056,0.199967608,1345,4363,4864,2838450,11,1,21.85,0.276683043,101,3095325
369,은평구,진관동,54718,0.13030447,0.123615629,0.284458496,0.165247268,3137,13270,17146,4070863,71,1,19.76,0.326528747,448,7960072
370,도봉구,창1동,24281,0.079444833,0.12553025,0.282854907,0.207610889,2141,4381,9024,3038009,21,2,16.37,0.338042091,42,4460163
371,도봉구,창2동,28577,0.072015957,0.135108654,0.283339749,0.198726248,2020,4978,8798,2551630,25,0,16.31,0.285684292,67,2535124
372,도봉구,창3동,13389,0.070206886,0.114048846,0.262304877,0.233027112,1241,2511,3977,2229423,14,0,17.09,0.272313093,32,1659954
373,도봉구,창4동,26124,0.090414944,0.128655642,0.276642168,0.180983004,1861,7981,10132,3547959,37,1,18.01,0.325409585,98,4039221
374,도봉구,창5동,24069,0.071876688,0.134986913,0.278241722,0.200756159,2547,7316,8681,3298026,18,1,15.71,0.32232332,53,2427749
375,종로구,창신1동,5350,0.03682243,0.168785047,0.248971963,0.228598131,2686,6266,1589,2393308,8,2,14.88,0.223738318,56,3536661
376,종로구,창신2동,8641,0.041661845,0.177988659,0.227404236,0.221502141,1062,2192,2466,2112817,1,0,17.30245283,0.16572156,0,49611
377,종로구,창신3동,6539,0.064535862,0.139012081,0.273283377,0.199418871,439,1128,2150,3006052,6,1,16.44,0.253402661,2,467347
378,서대문구,천연동,16835,0.075556876,0.12046332,0.283813484,0.199405999,1131,3259,6081,4197718,37,1,18.5,0.290763291,77,3655278
379,강동구,천호1동,26396,0.058531596,0.127329898,0.292695863,0.215676618,2331,5974,8035,2473111,19,1,13.56,0.330731929,50,1279408
380,강동구,천호2동,33613,0.050099664,0.140778865,0.331508642,0.188944754,4863,14840,9362,2749741,26,0,21.15,0.28001071,72,3701807
381,강동구,천호3동,26672,0.041654169,0.165154469,0.327084583,0.186862627,2545,9343,7964,3165328,12,0,17.28,0.285242951,45,1577515
382,중구,청구동,13318,0.056915453,0.128773089,0.29493918,0.218876708,1244,4497,4928,3566241,5,0,15.14,0.266106022,16,851241
383,강남구,청담동,25085,0.090253139,0.130595974,0.331552721,0.155790313,7024,43117,9731,5010204,26,0,17.6,0.473310743,140,6739290
384,동대문구,청량리동,19405,0.050141716,0.129399639,0.23231126,0.287863953,1909,8278,6209,2860315,24,0,18.42,0.262097398,183,4468196
385,관악구,청룡동,37042,0.042141353,0.3261163,0.312375142,0.131688354,2742,12505,7921,2768161,17,2,14.32,0.204956536,75,5346698
386,관악구,청림동,14908,0.074322511,0.112691173,0.317078079,0.195130131,729,1615,5263,3682775,8,0,15.99,0.29225919,13,1393991
387,종로구,청운효자동,11539,0.096022186,0.122107635,0.303492504,0.188231216,1477,7888,4134,3780222,29,0,16.4,0.310598839,60,2581799
388,용산구,청파동,19786,0.052158092,0.229202466,0.298089558,0.166835136,2186,9850,5636,2608804,24,0,15.87,0.216162943,42,2649258
389,서대문구,충현동,20176,0.06378866,0.156473037,0.316365979,0.176149881,2995,23946,6573,3210231,43,3,18.68,0.347293814,98,4716675
390,종로구,평창동,17635,0.086872696,0.116983272,0.263680181,0.203742557,1321,4321,5958,4504006,54,0,18.53,0.375900198,109,3076622
391,송파구,풍납1동,12409,0.05810299,0.108550246,0.276654041,0.230558466,946,2522,3296,3011150,6,1,26.56,0.345233298,20,1234122
392,송파구,풍납2동,24048,0.078592814,0.14412841,0.316699933,0.173611111,1772,16405,7608,3891704,25,0,21.65,0.325349301,80,2357036
393,중구,필동,4858,0.04610951,0.274392754,0.276451214,0.18032112,3600,24470,1191,3033044,10,2,14.87,0.434335117,42,2640500
394,노원구,하계1동,26877,0.113442721,0.18257246,0.229117833,0.180414481,1615,8965,10466,3611061,32,0,15.97,0.278825762,100,3713872
395,노원구,하계2동,21432,0.116974617,0.122946995,0.279022023,0.165500187,778,1687,8160,3625940,22,1,22.75,0.290220231,82,2193407
396,용산구,한강로동,22811,0.052913068,0.144404016,0.371399763,0.14457937,6669,48562,6769,4948344,41,6,14.98,0.53855596,198,9875345
397,용산구,한남동,21237,0.064604228,0.112539436,0.358949004,0.174883458,3473,21250,8174,4381088,39,2,17.51,0.352592174,166,9299321
398,마포구,합정동,16828,0.045281673,0.18843594,0.367661041,0.159793202,4019,13457,6319,3195027,30,2,32.04,0.377050155,98,4098527
399,구로구,항동,16534,0.09035926,0.084976412,0.389863312,0.115338091,888,2816,6173,3007261,31,0,16.57,0.214043789,77,1172072
400,성동구,행당1동,13996,0.071448985,0.166333238,0.310517291,0.159974278,1578,9587,4990,3900841,26,3,15.14,0.301657616,66,4736111
401,성동구,행당2동,22970,0.08127993,0.114714845,0.307966913,0.179625599,1031,2412,8481,4408744,25,1,16.54,0.292424902,24,1868958
402,관악구,행운동,29595,0.042980233,0.268660247,0.326845751,0.154722081,2060,7295,7088,2889475,15,0,14.54,0.211218111,61,5432068
403,종로구,혜화동,19491,0.074085475,0.370786517,0.219485917,0.138063722,2235,8819,5065,3333112,37,0,15.72,0.179826587,67,6133299
404,서대문구,홍은1동,22491,0.068916455,0.121604197,0.277800009,0.212929616,1479,3187,7308,3093859,32,0,15.25,0.315681828,33,2500357
405,서대문구,홍은2동,29508,0.077029958,0.156838823,0.280771316,0.190422936,2077,6630,9267,2874442,71,0,19.82,0.249525552,148,7525944
406,서대문구,홍제1동,25083,0.072000957,0.126340549,0.2923494,0.200255153,1548,5601,8022,3459117,22,2,19.13,0.261252641,119,6107000
407,서대문구,홍제2동,13313,0.066476376,0.120558852,0.272215128,0.214001352,829,2259,4993,3664523,9,0,14.5,0.276797116,72,1960467
408,서대문구,홍제3동,17908,0.06248604,0.126703149,0.271777976,0.226826,1383,3882,4969,2807766,41,0,22.73,0.25809694,37,3337001
409,강서구,화곡1동,52242,0.043087937,0.177041461,0.349431492,0.174131925,4150,10810,18754,2485455,27,2,14.84,0.306247847,144,6530603
410,강서구,화곡2동,17489,0.073817828,0.138715764,0.318028475,0.179198353,1283,2827,6093,2385531,29,0,17.98,0.276287952,26,1677458
411,강서구,화곡3동,21394,0.073852482,0.143077498,0.294989249,0.209170796,1690,4397,6665,3132782,9,0,13.23,0.300598299,62,1467311
412,강서구,화곡4동,20133,0.061739433,0.127402772,0.307356082,0.208861074,1928,4315,7053,2423768,29,0,19.46,0.290269706,17,1798056
413,강서구,화곡6동,25022,0.058668372,0.173167613,0.324034849,0.174046839,2456,12040,8085,3040513,29,0,16.14,0.313604028,82,5022372
414,강서구,화곡8동,23993,0.05947568,0.151960989,0.317134164,0.198224482,1748,4385,9035,2473381,27,0,15.54,0.254157463,23,2842614
415,강서구,화곡본동,33523,0.066402172,0.168898965,0.343644662,0.159054977,2177,4919,12605,2398795,25,0,13.59,0.274438445,32,2948529
416,광진구,화양동,27844,0.037458698,0.491380549,0.265874156,0.086122684,3072,16195,5296,2470026,20,2,15.37,0.148685534,85,3867263
417,중구,황학동,13614,0.037094168,0.182091964,0.371455854,0.156530043,2487,5992,3959,3247840,7,0,13.29,0.254223593,27,1338264
418,동대문구,회기동,13581,0.063250129,0.452985789,0.215963478,0.114498196,1293,10348,3115,3217279,9,0,15.61,0.156394964,23,2622228
419,중구,회현동,5107,0.052476992,0.096338359,0.25729391,0.264734678,9246,46229,1744,4442451,34,5,15.35,2.273741923,302,10289871
420,용산구,효창동,10828,0.062615441,0.152290358,0.337827854,0.14794976,702,2596,3463,3523201,15,0,16.11,0.299778352,36,1690652
421,용산구,후암동,16540,0.068621524,0.137484885,0.320798065,0.185247884,1367,4605,5363,3013677,16,0,18.46,0.242684401,23,2036706
422,동대문구,휘경1동,16168,0.05541811,0.348713508,0.244804552,0.135267194,1285,3690,4327,2722774,13,1,22.15,0.243196437,83,4863450
423,동대문구,휘경2동,25288,0.07734894,0.261151534,0.251028156,0.167549826,1665,5457,6802,3071586,18,0,15.97,0.251225878,147,3425222
424,동작구,흑석동,32366,0.074337268,0.195297534,0.279398134,0.160353457,2136,11037,9613,4224946,48,1,15.36,0.281066551,104,6095541