Column1,행정구,행정동,인구수,사업체수,종사자수,집 개수,소득,10대 비율,20대 비율,3040 비율,65세 이상 비율,행정동명,버스정류장 개수,지하철역 개수,자동차 등록대수,도로 평균 속도
0,송파구,가락1동,27670,3791,12367,9716,4973588,0.096313697,0.095699313,0.354354897,0.142211782,가락1동,14,3,11406,16.42
1,송파구,가락2동,31450,3155,11544,10424,3910198,0.103529412,0.130174881,0.310715421,0.149570747,가락2동,21,2,10758,15.61
2,송파구,가락본동,25617,5069,28151,8410,3521561,0.063551548,0.140570715,0.318070032,0.164929539,가락본동,25,1,12586,16.24
3,구로구,가리봉동,12478,1189,4248,2551,2336331,0.025324571,0.1468184,0.285061709,0.17887482,가리봉동,9,0,2730,15.08
4,금천구,가산동,27166,25043,182376,6200,2567594,0.0250681,0.268571008,0.376058308,0.110248104,가산동,105,3,20010,18.46
5,강서구,가양1동,34255,9982,70656,7921,3560388,0.050036491,0.231265509,0.395533499,0.10170778,가양1동,62,3,26665,18.19
6,강서구,가양2동,13599,914,3352,7085,3065320,0.029193323,0.098610192,0.266784322,0.331789102,가양2동,15,0,4200,24.45
7,강서구,가양3동,14321,1252,7941,7454,3047051,0.028908596,0.090356819,0.331960059,0.276517003,가양3동,15,0,7575,14.53
8,종로구,가회동,3986,969,14180,1601,3479766,0.079528349,0.105870547,0.298043151,0.212995484,가회동,21,0,1265,18.1
9,은평구,갈현1동,14820,2038,5306,7330,2481200,0.064709852,0.145411606,0.281106613,0.214642375,갈현1동,36,0,5431,16.06
10,은평구,갈현2동,27817,2344,6776,9400,2539257,0.080921739,0.141963547,0.282992415,0.195204371,갈현2동,29,1,7503,14.68
11,강동구,강일동,32810,1443,5960,11745,3073250,0.108137763,0.10347455,0.293477598,0.185675099,강일동,51,2,12721,24.08
12,구로구,개봉1동,34067,2540,6162,10967,2805757,0.065723427,0.119617225,0.292482461,0.206651598,개봉1동,47,1,11065,16.96
13,구로구,개봉2동,30382,1789,3901,11045,3068971,0.068527418,0.111348825,0.281910342,0.233658087,개봉2동,25,0,9241,14.68
14,구로구,개봉3동,20136,1428,8477,7266,2512790,0.065554231,0.11094557,0.275675407,0.230780691,개봉3동,22,0,5738,15.69
15,강남구,개포1동,6909,279,1251,1608,5336373,0.105514546,0.097119699,0.255029671,0.246345347,개포1동,14,0,3875,18.52
16,강남구,개포2동,40944,1309,4366,7063,5195802,0.123534584,0.113594177,0.323026573,0.129371825,개포2동,34,3,10266,18.86
17,강남구,개포3동,17010,863,10440,6680,4553185,0.095590829,0.097530864,0.316108172,0.213874192,개포3동,13,1,6205,22.7
18,강남구,개포4동,23597,2900,12667,7409,3550527,0.093189812,0.125609188,0.320506844,0.155104462,개포4동,26,0,8552,16.55
19,송파구,거여1동,12113,1228,3504,3552,2789100,0.069759762,0.136630067,0.269627673,0.212086188,거여1동,8,1,4079,18.47
20,송파구,거여2동,23696,1225,4647,5382,3033238,0.074231938,0.106980081,0.303595544,0.189989872,거여2동,9,0,7416,15.95
21,강동구,고덕1동,24040,1274,3072,7536,4618641,0.159151414,0.08390183,0.325041597,0.131489185,고덕1동,21,0,8453,17.91
22,강동구,고덕2동,22928,1063,3653,6605,2465499,0.102494766,0.092506978,0.345908932,0.143143754,고덕2동,20,0,7971,21.26
23,구로구,고척1동,26614,3188,10326,7405,2972418,0.069850455,0.129894041,0.328887052,0.179867739,고척1동,31,0,7843,16.52
24,구로구,고척2동,26407,2416,5276,8142,2882639,0.078729125,0.120839171,0.261256485,0.217328739,고척2동,36,0,8676,16.95
25,마포구,공덕동,37244,3861,21353,11878,4047702,0.058049619,0.158710128,0.317286006,0.167543765,공덕동,35,2,11977,15.59
26,노원구,공릉1동,36867,3992,14564,13582,2786137,0.068272439,0.19166192,0.274852849,0.193262267,공릉1동,45,3,11031,19.24
27,노원구,공릉2동,42448,2754,13078,12923,3394877,0.100852808,0.174990577,0.290708632,0.145448549,공릉2동,52,1,13080,17.15
28,강서구,공항동,30316,2838,34394,7888,2896818,0.074943924,0.126764745,0.343646919,0.149261116,공항동,57,2,11520,20.45
29,광진구,광장동,34296,2180,14269,10349,5284540,0.158881502,0.113336832,0.301084675,0.121180313,광장동,38,1,11677,24.09
30,중구,광희동,7117,9352,34741,1828,3229604,0.037937333,0.261205564,0.320640719,0.161444429,광희동,24,3,2434,14.46
31,종로구,교남동,9870,592,8371,3917,4616890,0.081560284,0.114285714,0.326038501,0.170719352,교남동,22,0,2942,20.39
32,구로구,구로1동,20756,1158,3235,6820,3368067,0.093515128,0.116592792,0.348525728,0.146415494,구로1동,21,0,16478,18.25
33,구로구,구로2동,29104,9656,31811,7183,2453690,0.049512095,0.107476636,0.267007971,0.215193788,구로2동,42,1,10547,17.75
34,구로구,구로3동,25049,10885,94712,7361,2888444,0.055052098,0.183600144,0.361012416,0.151223602,구로3동,47,2,8883,15.24
35,구로구,구로4동,22670,2393,6469,8483,2617060,0.046052051,0.120511689,0.284693427,0.222761359,구로4동,13,1,7549,13.58
36,구로구,구로5동,31767,5596,28055,8740,3213284,0.048131709,0.163062297,0.329933579,0.166336135,구로5동,34,1,11679,15.81
37,은평구,구산동,31743,1996,6219,10543,2602334,0.079608103,0.135966985,0.267397536,0.206817251,구산동,34,0,9339,14.89
38,광진구,구의1동,23929,2623,7443,5195,2683701,0.052697564,0.207154499,0.338041707,0.144845167,구의1동,13,1,6686,18.46
39,광진구,구의2동,26329,1929,5989,7341,2948328,0.084583539,0.130388545,0.299745528,0.179307987,구의2동,21,1,7279,16.58
40,광진구,구의3동,28095,3708,16217,9070,4010979,0.081687133,0.148033458,0.310304325,0.162164086,구의3동,23,1,9168,22.51
41,광진구,군자동,21592,2389,9834,4556,2604535,0.051639496,0.269590589,0.301778436,0.150935532,군자동,22,0,5160,17.97
42,성동구,금호1가동,14943,927,2416,6021,4010011,0.071806197,0.104195945,0.325235896,0.188516362,금호1가동,39,1,4796,14.11
43,성동구,금호2.3가동,22124,1458,2963,7453,3751434,0.058985717,0.113677454,0.335563189,0.184189116,금호2·3가동,37,0,6261,15.22
44,성동구,금호4가동,14329,999,2294,5223,4442144,0.06601996,0.095749878,0.348872915,0.182287668,금호4가동,31,1,4525,18.26
45,강동구,길동,44976,5966,23814,14776,2840603,0.059164888,0.142475987,0.307608502,0.1964381,길동,37,1,15918,17.09
46,성북구,길음1동,34909,1583,4419,11859,4462339,0.143029018,0.098054943,0.316680512,0.140049844,길음1동,27,1,10746,15.45
47,성북구,길음2동,21925,1696,5554,5855,3736133,0.092405929,0.116761688,0.312337514,0.150330673,길음2동,22,0,6447,17.31
48,관악구,낙성대동,18054,1997,8919,3543,3225725,0.047745652,0.342583361,0.327905173,0.114212917,낙성대동,36,0,3958,17.79
49,관악구,난곡동,26037,1485,3215,7659,2268676,0.062411184,0.142796789,0.270960556,0.220993202,난곡동,22,0,6307,15.9
50,관악구,난향동,14908,734,2130,4938,3262195,0.091024953,0.109538503,0.280185135,0.197142474,난향동,15,0,4838,16.37
51,서대문구,남가좌1동,16954,954,2718,5609,4622839,0.110416421,0.094962841,0.339094019,0.138551374,남가좌1동,15,1,5397,15.36
52,서대문구,남가좌2동,30444,2044,5698,8979,3237719,0.080836947,0.164137433,0.29707003,0.168768887,남가좌2동,25,0,8492,16
53,용산구,남영동,7385,2245,18439,1714,3183091,0.034800271,0.124983074,0.281381178,0.214624238,남영동,21,4,2660,15
54,관악구,남현동,17998,1442,5853,5277,3234026,0.040004445,0.214412713,0.327814202,0.170074453,남현동,9,0,4997,19.54
55,서초구,내곡동,17332,1493,9802,5435,4047063,0.087756751,0.097795984,0.307465959,0.202284791,내곡동,64,1,8232,21.47
56,동작구,노량진1동,32764,2367,7337,10612,3583099,0.058906116,0.187522891,0.303992187,0.18749237,노량진1동,52,3,8681,19.86
57,동작구,노량진2동,11198,2011,6809,2752,2420761,0.036792284,0.201018039,0.300232184,0.205483122,노량진2동,12,0,2370,21.24
58,은평구,녹번동,36563,3045,13682,12546,3055864,0.058447064,0.126083746,0.307988951,0.207094604,녹번동,27,2,10447,15.21
59,강남구,논현1동,21836,8395,48548,8113,3277066,0.039063931,0.195823411,0.419399157,0.13885327,논현1동,18,4,10388,13.23
60,강남구,논현2동,20855,9228,71748,7132,3973993,0.060081515,0.160537041,0.377894989,0.155837929,논현2동,26,4,10196,13.57
61,광진구,능동,11515,1214,6229,2531,2846023,0.045505862,0.210768563,0.363612679,0.149630916,능동,8,3,3050,13.82
62,중구,다산동,13809,2023,8723,4507,2679845,0.051995076,0.164892461,0.29741473,0.209645883,다산동,8,2,3352,12.16
63,동대문구,답십리1동,28391,3799,9651,9261,3538405,0.068084957,0.140009158,0.34067134,0.151808672,답십리1동,27,0,9608,15.08
64,동대문구,답십리2동,27883,2847,8207,9791,3049260,0.062869849,0.118351684,0.293404583,0.212817846,답십리2동,20,0,8629,15.95
65,영등포구,당산1동,21355,5494,24326,5770,3536432,0.043221728,0.177382346,0.36010302,0.167501756,당산1동,21,2,7716,14.7
66,영등포구,당산2동,37226,4485,29031,10563,4130932,0.06302047,0.188201794,0.363563101,0.134126686,당산2동,43,2,12907,19.59
67,영등포구,대림1동,16259,1472,4850,4052,2582442,0.052217234,0.12097915,0.278491912,0.2097915,대림1동,16,0,4883,13.95
68,영등포구,대림2동,17631,2049,4876,4241,2686240,0.03890874,0.121830866,0.301060632,0.186716579,대림2동,12,1,4068,14.33
69,영등포구,대림3동,25094,3310,10073,7375,2907933,0.054754124,0.118434686,0.280066948,0.199250817,대림3동,36,0,8106,15.81
70,동작구,대방동,36054,2475,12300,11808,3524765,0.100377212,0.172352582,0.296416486,0.16120264,대방동,54,2,10553,17.32
71,은평구,대조동,27731,3363,7968,8662,2535013,0.054091089,0.187912445,0.306444052,0.192275792,대조동,24,3,6064,14.31
72,강남구,대치1동,24014,1406,7459,6935,7421305,0.22386941,0.095111185,0.280419755,0.115432664,대치1동,18,1,17827,14.18
73,강남구,대치2동,38206,5880,70537,11109,6017362,0.173873214,0.107496205,0.278621159,0.144820185,대치2동,30,3,15041,16.13
74,강남구,대치4동,19174,5882,37270,6564,4101144,0.123344112,0.163659122,0.34953583,0.110097006,대치4동,14,0,13749,13.11
75,관악구,대학동,27244,2179,14916,4400,2622408,0.038944355,0.302672148,0.341763324,0.12032007,대학동,54,1,4922,20.8
76,마포구,대흥동,16425,1968,9808,3335,3421062,0.057473364,0.308980213,0.291567732,0.120974125,대흥동,31,3,3898,14.82
77,강남구,도곡1동,20813,2616,18547,6840,5412484,0.116417624,0.121414501,0.315043482,0.151924278,도곡1동,21,1,8961,13.63
78,강남구,도곡2동,32694,2990,21648,10213,6567504,0.146418303,0.108613201,0.280571359,0.161405763,도곡2동,20,2,13523,15.71
79,영등포구,도림동,19571,1707,3580,4005,3031484,0.045015584,0.138367993,0.322466915,0.181544121,도림동,23,0,5691,15.89
80,도봉구,도봉1동,20280,2147,6178,6964,2275377,0.051134122,0.108086785,0.231410256,0.301084813,도봉1동,36,0,6637,15.57
81,도봉구,도봉2동,26093,2035,7780,9542,2811820,0.054612348,0.105545549,0.259418235,0.269305944,도봉2동,43,3,8455,16.25
82,마포구,도화동,20867,3142,17730,7170,4217433,0.068864715,0.127521925,0.311544544,0.188239804,도화동,33,3,7817,17.41
83,금천구,독산1동,48208,5608,24752,13038,3000453,0.050800697,0.174970959,0.364545304,0.134645702,독산1동,66,0,17953,17.66
84,금천구,독산2동,19278,1531,4184,4931,2251577,0.054466231,0.129214649,0.27144932,0.200280112,독산2동,9,0,5237,15.17
85,금천구,독산3동,27090,2677,6887,6967,2386851,0.045256552,0.142488003,0.282650425,0.191362126,독산3동,22,0,7600,15.41
86,금천구,독산4동,16212,1385,3457,3946,2255044,0.055020972,0.127189736,0.26572909,0.198371577,독산4동,15,0,4510,15.15
87,성북구,돈암1동,14420,688,2087,5778,3583117,0.075312067,0.132524272,0.262066574,0.213661581,돈암1동,14,0,4161,18.23
88,성북구,돈암2동,23619,909,2893,8240,4297592,0.111859096,0.115923621,0.28532114,0.160252339,돈암2동,34,0,7574,19.64
89,성북구,동선동,16016,2682,10483,4298,2821008,0.061688312,0.332667333,0.270541958,0.139110889,동선동,17,0,3419,14.68
90,중구,동화동,10136,1337,4391,3180,3621349,0.077841358,0.118291239,0.27081689,0.202446725,동화동,4,0,2920,17.25
91,강동구,둔촌1동,71,36,286,5,3596734,0.070422535,0.126760563,0.366197183,0.14084507,둔촌1동,9,2,545,14.57
92,강동구,둔촌2동,24387,2063,9942,7962,3414406,0.077623324,0.129208185,0.297166523,0.183704433,둔촌2동,29,1,7998,16.37
93,강서구,등촌1동,25121,2720,17753,6384,3322838,0.045539588,0.192149994,0.405716333,0.127383464,등촌1동,15,1,9259,17.12
94,강서구,등촌2동,19541,1211,3972,7009,3352636,0.071439537,0.139859782,0.316513996,0.179417635,등촌2동,9,0,6690,10.23
95,강서구,등촌3동,29726,3261,20336,13522,3403390,0.05587701,0.112460472,0.279485972,0.24826751,등촌3동,49,1,9117,16.32
96,성동구,마장동,22390,4030,12518,6564,3021967,0.066592229,0.196784279,0.268378741,0.184948638,마장동,28,1,8577,17.62
97,송파구,마천1동,18316,1419,3006,5299,2435636,0.075234767,0.112579166,0.244922472,0.242301813,마천1동,13,1,5887,18.21
98,송파구,마천2동,17906,1796,4727,5354,2339431,0.061096839,0.116106333,0.246565397,0.242544399,마천2동,13,0,5743,17.24
99,중랑구,망우3동,16157,1507,4272,3604,2231082,0.057869654,0.131769512,0.253636195,0.226093953,망우3동,11,0,5274,14.62
100,중랑구,망우본동,35946,4406,12914,7453,2443681,0.05811495,0.127135147,0.303566461,0.197462861,망우본동,56,3,11189,20.07
101,마포구,망원1동,19499,2837,6549,7047,2802536,0.056464434,0.16257244,0.344581773,0.179393815,망원1동,23,0,5704,21.58
102,마포구,망원2동,18232,2043,4844,6467,2912810,0.078049583,0.144361562,0.32064502,0.181494076,망원2동,35,0,5346,33.16
103,중랑구,면목2동,24069,2477,5975,6489,2322173,0.056961236,0.125306411,0.282853463,0.20657277,면목2동,23,0,7445,19.92
104,중랑구,면목3.8동,25011,2776,7878,6375,2354962,0.051657271,0.13981848,0.278357523,0.217624245,면목3·8동,30,0,6075,13.7
105,중랑구,면목4동,18550,2568,4971,5408,2573570,0.061347709,0.124420485,0.284528302,0.218436658,면목4동,13,1,5174,16.1
106,중랑구,면목5동,14735,1161,3336,4409,2233073,0.058228707,0.104445199,0.336002715,0.168849678,면목5동,11,0,4711,26.43
107,중랑구,면목7동,21614,1957,4800,6204,2655671,0.050707875,0.130656056,0.291015083,0.213148885,면목7동,18,0,5996,16.3
108,중랑구,면목본동,33647,3481,7511,8582,2336892,0.049632954,0.150622641,0.299372901,0.194073766,면목본동,28,1,8022,14.32
109,중구,명동,3510,8849,110506,547,3733600,0.049287749,0.147863248,0.305128205,0.221652422,명동,29,1,7790,14.65
110,강동구,명일1동,25415,2470,7262,8248,3540203,0.092189652,0.109423569,0.312610663,0.175093449,명일1동,24,1,8341,15.11
111,강동구,명일2동,17253,1468,5403,4629,4514278,0.139048281,0.125253579,0.281690141,0.167043413,명일2동,13,1,5792,15.7
112,양천구,목1동,30386,3862,23811,7768,5667672,0.167412624,0.099980254,0.304811426,0.120384388,목1동,24,2,11633,15.35
113,양천구,목2동,29213,1985,5297,10552,3244963,0.07715743,0.14918016,0.328004655,0.157429911,목2동,15,2,8754,17.78
114,양천구,목3동,21451,1931,5170,7164,3101712,0.061022796,0.145074822,0.322735537,0.174210992,목3동,8,1,6422,16.47
115,양천구,목4동,24686,1997,4562,7503,3426858,0.123065705,0.153771368,0.271327878,0.14299603,목4동,14,0,7319,14.85
116,양천구,목5동,40715,2306,10260,12391,5987821,0.1772811,0.098882476,0.294928159,0.128478448,목5동,28,0,14330,16.75
117,종로구,무악동,8040,761,1891,2860,5136717,0.115671642,0.103109453,0.26840796,0.186567164,무악동,4,0,2796,12.86
118,중랑구,묵1동,33979,2326,6252,10805,3120718,0.08631802,0.141646311,0.288590011,0.187527591,묵1동,32,0,10614,18.25
119,중랑구,묵2동,18466,2393,4973,5309,2533867,0.057781869,0.136629481,0.29183364,0.210711578,묵2동,20,1,5620,20.35
120,영등포구,문래동,32390,7922,49600,9046,4019445,0.092775548,0.111083668,0.359184934,0.15310281,문래동,42,1,13985,17.21
121,송파구,문정1동,19705,1988,6841,6783,3568357,0.070895712,0.144734839,0.311596042,0.168231413,문정1동,17,0,10886,14.36
122,송파구,문정2동,28981,13813,93614,5607,4425648,0.050688382,0.164142024,0.410372313,0.149442738,문정2동,32,3,14562,18.85
123,관악구,미성동,30309,2218,6187,8791,2676537,0.068164572,0.14949355,0.280411759,0.207133195,미성동,36,0,8366,14.78
124,강북구,미아동,21657,2337,6971,6555,2318870,0.055824906,0.181003832,0.25511382,0.222884056,미아동,27,1,4767,15.5
125,서초구,반포1동,34387,2593,13146,9429,5338302,0.119172943,0.118940297,0.36022334,0.125541629,반포1동,20,2,11760,16.03
126,서초구,반포2동,18735,539,2333,4702,6812331,0.174859888,0.089991994,0.294422204,0.139097945,반포2동,19,1,5827,18.34
127,서초구,반포3동,23946,1392,7458,7183,6140775,0.140065147,0.108452351,0.296333417,0.143948885,반포3동,15,0,7828,18.83
128,서초구,반포4동,19299,4459,30539,6192,5280483,0.117259962,0.108347583,0.310793305,0.160526452,반포4동,32,3,7042,13.91
129,서초구,반포본동,258,374,1286,3662,5583021,0.127906977,0.112403101,0.282945736,0.158914729,반포본동,3,1,1250,20.52
130,강서구,발산1동,36044,6786,32771,12284,3192517,0.137110199,0.120241927,0.289007879,0.149317501,발산1동,59,1,13981,16.7
131,서초구,방배1동,16730,2468,17090,5539,4069239,0.079318589,0.131918709,0.331201435,0.184160191,방배1동,22,1,7283,15.57
132,서초구,방배2동,18229,2784,17750,5306,3864301,0.081957321,0.128147457,0.303417631,0.198749246,방배2동,36,1,5992,17.98
133,서초구,방배3동,17076,1983,13217,6828,4681587,0.100667604,0.115249473,0.279690794,0.19700164,방배3동,44,1,7024,14.74
134,서초구,방배4동,23172,3223,14236,7712,4557937,0.115484205,0.125064733,0.317063698,0.160668048,방배4동,29,0,8080,14.3
135,서초구,방배본동,20622,2459,10660,5743,4856162,0.13538939,0.119241587,0.290757444,0.160459703,방배본동,21,0,7910,14.64
136,송파구,방이1동,15275,1963,8979,4921,3970520,0.097937807,0.139378069,0.299312602,0.157512275,방이1동,12,1,6856,15.39
137,송파구,방이2동,26695,5121,21736,8214,2928271,0.04158082,0.198501592,0.387226072,0.141224948,방이2동,13,1,7838,15.09
138,도봉구,방학1동,28013,2996,13758,8331,2895702,0.073108914,0.127797808,0.250169564,0.227251633,방학1동,31,1,10234,15.87
139,도봉구,방학2동,18893,1576,3226,6149,2099146,0.067326523,0.117662626,0.235960409,0.250780712,방학2동,23,0,4841,15.85
140,도봉구,방학3동,26259,1476,3861,9698,2962092,0.097261891,0.107658327,0.254084314,0.215316653,방학3동,26,0,8372,17.52
141,강서구,방화1동,42512,3658,11304,13673,3407916,0.101383139,0.108628152,0.312617614,0.171528039,방화1동,43,2,14972,15.68
142,강서구,방화2동,23036,3860,16238,7532,2708397,0.055608613,0.13669908,0.301267581,0.224778607,방화2동,36,7,9349,30.97
143,강서구,방화3동,22199,1287,4689,9698,3044446,0.062300104,0.090904996,0.302355962,0.258480112,방화3동,21,1,7336,22.96
144,강북구,번1동,18417,2486,10192,4529,2303972,0.049790954,0.179508063,0.285877179,0.208665906,번1동,23,1,4781,14.19
145,강북구,번2동,15055,912,3732,6723,2308539,0.057256725,0.126735304,0.237794753,0.279375623,번2동,42,0,3621,18.59
146,강북구,번3동,16505,1126,3302,7257,2548326,0.067615874,0.10645259,0.230475613,0.29960618,번3동,35,0,4478,17.68
147,용산구,보광동,13585,1155,2365,3588,2545653,0.048951049,0.14228929,0.318733898,0.198895841,보광동,13,0,3072,17.84
148,관악구,보라매동,24392,2025,6990,6221,2529995,0.05444408,0.190636274,0.301205313,0.198261725,보라매동,25,1,6187,14.73
149,성북구,보문동,16680,1787,6720,4580,3162623,0.061151079,0.173081535,0.315227818,0.15881295,보문동,9,2,4588,17.36
150,종로구,부암동,9443,894,3762,3070,3647449,0.090119665,0.133643969,0.286561474,0.196441809,부암동,34,0,3140,19.05
151,서대문구,북가좌1동,17709,1490,3745,6089,4005416,0.107346547,0.107741826,0.291433734,0.18069908,북가좌1동,12,0,7375,16.62
152,서대문구,북가좌2동,31111,2743,6468,10603,2590646,0.070168108,0.143357655,0.277040275,0.216515059,북가좌2동,36,0,8515,14.67
153,서대문구,북아현동,15796,1154,2656,5298,4172659,0.063307166,0.128386933,0.342618384,0.151557356,북아현동,16,0,4479,17.98
154,은평구,불광1동,37826,2408,7000,13601,3182963,0.063421985,0.126394543,0.283085708,0.216834981,불광1동,38,1,10463,14.1
155,은평구,불광2동,27073,1924,4933,8970,2396457,0.054630074,0.143242345,0.270453958,0.234587966,불광2동,26,1,6484,15.83
156,성동구,사근동,14048,1310,10537,3183,3099614,0.065845672,0.460421412,0.20785877,0.110051253,사근동,40,2,2250,21.67
157,동작구,사당1동,22954,2463,10779,5780,2855173,0.03563649,0.227106387,0.339200139,0.173259563,사당1동,12,3,5473,13.1
158,동작구,사당2동,28517,2159,6817,8341,3884988,0.062629309,0.123820879,0.304555178,0.209699478,사당2동,30,3,8292,20.06
159,동작구,사당3동,24038,1470,4960,7759,3890035,0.066810883,0.128920875,0.306057076,0.200599052,사당3동,27,0,7093,15.58
160,동작구,사당4동,14073,963,2159,4080,2844168,0.047893129,0.17238684,0.311660627,0.204647197,사당4동,4,1,3513,14.96
161,동작구,사당5동,14293,910,2034,3515,3047661,0.06415728,0.143146995,0.332540404,0.17547051,사당5동,24,0,4203,19.7
162,종로구,사직동,9326,5035,56013,2778,5007768,0.071734935,0.116448638,0.319429552,0.199549646,사직동,31,2,8170,19.12
163,강북구,삼각산동,30817,1405,2949,11376,3734477,0.124379401,0.106175163,0.292922737,0.158224357,삼각산동,22,0,9378,16.59
164,성북구,삼선동,22875,2507,11157,6987,3057377,0.07589071,0.200655738,0.273748634,0.180415301,삼선동,38,3,5773,14.82
165,강남구,삼성1동,12584,7353,73562,4595,5098096,0.092657343,0.128973299,0.304593134,0.180705658,삼성1동,30,2,8432,19.42
166,강남구,삼성2동,30776,6267,48407,10178,5055114,0.115382116,0.1236353,0.35654406,0.129841435,삼성2동,21,2,12402,15.56
167,관악구,삼성동,20265,1368,3064,7833,2593695,0.056698742,0.110387367,0.238341969,0.277473476,삼성동,30,0,5884,17.55
168,강북구,삼양동,22751,1562,4104,7808,2473211,0.072084744,0.126499934,0.256516197,0.226319722,삼양동,29,3,5922,16.08
169,송파구,삼전동,29574,2884,12315,11497,2779980,0.060999527,0.16602421,0.377358491,0.14651383,삼전동,14,0,8827,15.53
170,종로구,삼청동,2495,956,4978,730,3442534,0.080160321,0.102204409,0.289378758,0.250501002,삼청동,17,0,777,18.28
171,노원구,상계10동,18274,818,2515,6422,3132098,0.082029112,0.126299661,0.311261902,0.16394878,상계10동,24,0,5362,19.91
172,노원구,상계1동,37267,3934,11608,13410,3030316,0.079587839,0.124131269,0.259800896,0.210400623,상계1동,29,1,13791,22.81
173,노원구,상계2동,19405,3325,11074,6042,3122902,0.083122906,0.15542386,0.244988405,0.189538779,상계2동,26,1,6041,14.85
174,노원구,상계3.4동,27469,1849,4821,9292,2644186,0.075867341,0.112708872,0.249663257,0.237904547,상계3·4동,18,0,8062,21.83
175,노원구,상계5동,23222,2755,6516,7347,2481440,0.075015072,0.127852898,0.244681767,0.231633796,상계5동,29,1,5909,15.72
176,노원구,상계6.7동,31717,2685,18222,13648,3152836,0.085253965,0.129047514,0.304158653,0.170949333,상계6·7동,30,0,8976,19.79
177,노원구,상계8동,21919,824,1943,9090,3153561,0.080204389,0.110178384,0.381039281,0.144304028,상계8동,13,1,6503,34.52
178,노원구,상계9동,19800,1036,2848,8260,2955988,0.088282828,0.122323232,0.288181818,0.194141414,상계9동,19,0,5793,18.28
179,동작구,상도1동,46534,2616,9396,14737,3875896,0.073516139,0.252696953,0.258757038,0.16413805,상도1동,44,2,12452,15.12
180,동작구,상도2동,27875,1855,5790,9039,3826699,0.073399103,0.149130045,0.323587444,0.161147982,상도2동,36,1,8192,15.69
181,동작구,상도3동,24374,1613,3766,7246,2575897,0.058751128,0.173422499,0.297981456,0.196602938,상도3동,33,0,5688,7.4
182,동작구,상도4동,28194,1614,3516,8275,2563258,0.063027595,0.154004398,0.305774278,0.195821806,상도4동,33,0,6879,14.9
183,중랑구,상봉1동,23455,1952,6705,7937,2969913,0.075506289,0.12862929,0.288552547,0.180089533,상봉1동,13,2,8059,18.43
184,중랑구,상봉2동,20673,3344,9431,6146,2575432,0.032602912,0.204276109,0.354713878,0.153581967,상봉2동,18,1,5353,19.84
185,마포구,상암동,30487,4109,51381,9956,4158486,0.126742546,0.140781317,0.296618231,0.144520615,상암동,96,2,11290,21.58
186,강동구,상일동,51284,2154,21013,10472,3690212,0.119735106,0.088577083,0.336344261,0.129757434,상일동,58,0,11210,17.24
187,마포구,서강동,25371,2846,10812,8454,4339738,0.114386792,0.132496631,0.292958221,0.164504717,서강동,63,2,7664,17.14
188,마포구,서교동,26369,13024,61160,9189,3212258,0.0687399,0.206574435,0.315833038,0.134366008,서교동,79,5,8441,15.28
189,관악구,서림동,24598,1644,3444,5152,2530625,0.0434222,0.28393189,0.351094088,0.128067048,서림동,23,1,5487,17.53
190,용산구,서빙고동,13357,777,6126,4268,4208562,0.043946662,0.258232377,0.331937556,0.154646719,서빙고동,24,1,4710,20.91
191,관악구,서원동,23770,1911,8436,5454,2412001,0.111252527,0.122782062,0.297447032,0.163135435,서원동,21,2,5087,13.28
192,서초구,서초1동,20526,5686,42507,6735,4769119,0.033066891,0.289903239,0.331762726,0.145687842,서초1동,35,1,17110,16.56
193,서초구,서초2동,26451,8772,71566,6901,5196131,0.092565527,0.136120043,0.340397545,0.157312677,서초2동,45,2,10137,15.51
194,서초구,서초3동,32381,12046,84922,10040,4678950,0.091376508,0.140750822,0.376091641,0.128539564,서초3동,74,3,15218,15.65
195,서초구,서초4동,30554,4302,31706,9224,6475383,0.08471017,0.164540934,0.320064235,0.158765943,서초4동,42,0,11805,16.23
196,성북구,석관동,34940,3072,8770,10472,2864182,0.13602147,0.113176671,0.298127905,0.145545591,석관동,29,2,9752,20.18
197,송파구,석촌동,31530,4113,17243,12091,2927911,0.059616485,0.145220378,0.274212936,0.219834001,석촌동,19,3,9893,17.97
198,강동구,성내1동,19658,3082,17417,6767,3438376,0.052457977,0.164161116,0.371297177,0.154995243,성내1동,21,1,8309,15.47
199,강동구,성내2동,23620,2617,7288,6199,2824592,0.082714417,0.128293824,0.321599349,0.168633635,성내2동,18,2,6408,19.32
200,강동구,성내3동,22798,3220,9494,6685,2897346,0.045215919,0.160668925,0.316850127,0.198687553,성내3동,15,0,6976,15.27
201,성북구,성북동,16606,1790,6288,5605,3470748,0.066891833,0.148346346,0.298929731,0.187165541,성북동,46,0,4781,19.49
202,마포구,성산1동,18971,2506,11135,6662,2814646,0.067385282,0.162290738,0.300192701,0.188184993,성산1동,26,0,6287,18.14
203,마포구,성산2동,39141,3376,13659,13092,3521472,0.068683781,0.165463075,0.338042275,0.165410363,성산2동,40,2,11442,19.37
204,성동구,성수1가1동,15812,2982,14473,4897,3870717,0.076467132,0.172504535,0.319971386,0.167471449,성수1가1동,32,1,10397,25.6
205,성동구,성수1가2동,12221,4784,26199,3689,3263294,0.058879332,0.145395902,0.317670124,0.154060207,성수1가2동,12,1,6759,20.7
206,성동구,성수2가1동,15131,3557,20402,4288,2900762,0.063169953,0.14900581,0.34121594,0.167171263,성수2가1동,30,0,7981,21.99
207,성동구,성수2가3동,10365,8853,63385,2944,3358391,0.049434935,0.131055449,0.296146983,0.198731082,성수2가3동,21,1,6981,14.56
208,관악구,성현동,28582,1328,3238,10578,3455108,0.047949831,0.171152918,0.314230584,0.1815726,성현동,29,0,8323,15.65
209,강남구,세곡동,45828,2466,9881,12596,3885403,0.092610734,0.129522077,0.279056749,0.199076342,세곡동,66,0,19244,19.16
210,중구,소공동,3512,5107,64308,685,5380521,0.110958366,0.118137383,0.331631317,0.15767653,소공동,36,3,4174,15.41
211,성동구,송정동,10221,1005,2879,2331,2566462,0.084851936,0.095387244,0.444476082,0.095387244,송정동,13,0,2781,23.13
212,강북구,송중동,29486,3022,8752,8803,2555447,0.050386459,0.157714509,0.295372273,0.186772331,송중동,57,0,6999,15.6
213,강북구,송천동,25397,2658,7730,7165,2444557,0.064640847,0.139625585,0.27670759,0.215424269,송천동,18,1,5809,15.71
214,송파구,송파1동,23805,3406,16572,9335,3129216,0.054179628,0.125684136,0.247037052,0.254124503,송파1동,14,0,7725,15.8
215,송파구,송파2동,18733,1257,3951,6583,4370970,0.048687251,0.175215291,0.37231674,0.154589372,송파2동,12,0,6712,16.94
216,구로구,수궁동,23141,1801,6447,8840,2682295,0.094058613,0.126781615,0.30283457,0.16788555,수궁동,41,2,8144,16.81
217,은평구,수색동,19225,791,2760,3114,3253972,0.077956873,0.116027829,0.282917765,0.213257854,수색동,18,3,4695,15.15
218,강남구,수서동,14217,2229,18865,7246,3847379,0.070741222,0.124057217,0.318439532,0.154486346,수서동,18,2,5209,21.86
219,강북구,수유1동,20344,2031,5815,6781,2220463,0.035520855,0.081662798,0.248716326,0.358444116,수유1동,39,1,5595,16.1
220,강북구,수유2동,20836,1828,4637,7243,2577008,0.061639796,0.147463626,0.265237908,0.229600865,수유2동,13,1,5368,15.06
221,강북구,수유3동,23920,3235,9873,5962,2205999,0.059992321,0.129487426,0.249136111,0.251823767,수유3동,24,0,4999,15.83
222,종로구,숭인1동,6102,736,1897,1588,2868519,0.046948161,0.200752508,0.268938127,0.207859532,숭인1동,12,1,1477,16.75
223,종로구,숭인2동,10540,2267,6053,3358,2607311,0.057194363,0.134709931,0.283677483,0.208947886,숭인2동,8,0,2185,13.73
224,금천구,시흥1동,33883,4103,15341,10181,2757307,0.032068311,0.272390892,0.282163188,0.166603416,시흥1동,42,1,11891,16.11
225,금천구,시흥2동,20705,1090,2778,7981,3181421,0.06088599,0.132987044,0.289466694,0.199421539,시흥2동,20,0,7155,18.27
226,금천구,시흥3동,10457,3839,9592,4077,2516251,0.096595025,0.102680512,0.25805361,0.215889882,시흥3동,16,0,4388,30.17
227,금천구,시흥4동,20253,1171,2350,5976,2405620,0.059481687,0.115042555,0.257148322,0.241656307,시흥4동,25,0,6283,16.38
228,금천구,시흥5동,18824,1517,3732,5507,2375052,0.065224905,0.118698464,0.254875821,0.226830593,시흥5동,35,0,5395,16.13
229,영등포구,신길1동,20641,1492,4556,4280,2780044,0.064226519,0.113578411,0.248565661,0.247768806,신길1동,21,1,4941,18.56
230,영등포구,신길3동,17083,1274,2701,4739,3085442,0.044523037,0.181241219,0.313696042,0.181483455,신길3동,25,0,4931,14.43
231,영등포구,신길4동,12980,620,1455,3725,2717791,0.063220746,0.117660832,0.29391793,0.199145349,신길4동,13,0,3731,15.32
232,영등포구,신길5동,11021,721,2192,2301,2656511,0.06587057,0.111479199,0.299383667,0.197688752,신길5동,21,0,3400,15.72
233,영등포구,신길6동,18507,1659,5235,5043,2954616,0.070229562,0.101351964,0.288993739,0.202340985,신길6동,23,2,5281,15.49
234,영등포구,신길7동,20044,996,3511,6690,3616070,0.060679743,0.154374021,0.300805101,0.187334522,신길7동,32,3,6702,15.95
235,중랑구,신내1동,38247,3257,15420,12959,2780491,0.089702654,0.122979445,0.337357813,0.139592896,신내1동,53,1,12815,25.44
236,중랑구,신내2동,19906,1556,7186,8440,3060535,0.100818365,0.11386514,0.271786022,0.197819437,신내2동,19,0,6891,16.87
237,중구,신당5동,10472,1552,4149,3376,3027979,0.075002512,0.109916608,0.279764895,0.224907063,신당5동,8,1,2990,13.23
238,중구,신당동,8921,12136,23988,2526,2816850,0.049274255,0.15565317,0.312834225,0.184778457,신당동,8,2,3376,13.86
239,동작구,신대방1동,25123,1453,3806,6538,3845094,0.031947091,0.222844973,0.302880843,0.172178007,신대방1동,14,0,7495,15.55
240,동작구,신대방2동,22383,1810,18775,5520,3340157,0.091629184,0.13919516,0.291087848,0.17036182,신대방2동,28,2,6373,16.54
241,구로구,신도림동,36089,3711,15112,11124,4380318,0.080418175,0.166108207,0.327123263,0.15820042,신도림동,41,3,12771,19.63
242,관악구,신림동,24037,2385,6024,4242,2434279,0.098173959,0.116572917,0.344647954,0.144143645,신림동,17,1,4578,14.5
243,은평구,신사1동,26761,1986,5162,9417,2637581,0.020010817,0.395515247,0.374131547,0.085576403,신사1동,24,1,8015,17.19
244,은평구,신사2동,19153,2060,4261,6580,2635300,0.06812152,0.136093569,0.29195471,0.204289825,신사2동,31,1,6210,15.02
245,관악구,신사동,24630,6143,28917,4211,5099915,0.072834543,0.13078891,0.282723333,0.21171618,신사동1,18,1,5117,14.59
246,강남구,신사동,15680,2088,4914,4948,2430662,0.040722696,0.256110434,0.304141291,0.153796184,신사동2,14,1,7748,18.69
247,마포구,신수동,22555,2337,7126,7508,4157605,0.079627577,0.154688539,0.313145644,0.154289515,신수동,24,0,7447,16.31
248,관악구,신원동,18547,1172,2777,3858,2403237,0.040599558,0.243058177,0.306518574,0.183749393,신원동,10,0,3312,15.78
249,양천구,신월1동,19852,2238,5875,6314,2227154,0.058331654,0.119181946,0.269796494,0.230203506,신월1동,9,0,8200,16.06
250,양천구,신월2동,21068,1622,4847,7374,2727225,0.084535789,0.117571673,0.290772736,0.205382571,신월2동,9,0,6770,15.65
251,양천구,신월3동,14603,1462,5259,4371,2152244,0.064575772,0.120934055,0.267205369,0.221598302,신월3동,11,0,5656,13.32
252,양천구,신월4동,17590,1605,3977,6145,2639083,0.088175099,0.111938601,0.282546902,0.208300171,신월4동,10,0,6426,18.1
253,양천구,신월5동,14233,1316,4437,4715,2615553,0.081500738,0.130892995,0.288343989,0.190824141,신월5동,13,0,4634,15.2
254,양천구,신월6동,13963,2061,3735,5099,2857257,0.091527609,0.103201318,0.33166225,0.152116307,신월6동,12,0,6987,15.28
255,양천구,신월7동,18812,1777,5684,8547,2343943,0.057569636,0.114926643,0.26786094,0.245162662,신월7동,19,0,6258,19.85
256,양천구,신정1동,19819,1582,6150,6041,5046256,0.146273778,0.105555275,0.284474494,0.148998436,신정1동,28,0,8242,15.89
257,양천구,신정2동,18971,1560,4330,6119,4725315,0.155974909,0.114174266,0.270201887,0.151178114,신정2동,14,0,6277,15.01
258,양천구,신정3동,50151,3433,10739,15440,3158844,0.107654882,0.121213934,0.280433092,0.168471217,신정3동,60,1,16268,15.81
259,양천구,신정4동,32653,4593,17802,10151,2609700,0.063271369,0.15732092,0.299421186,0.195357241,신정4동,18,1,9028,15.07
260,양천구,신정6동,23933,1044,6577,7214,5384412,0.14849789,0.110600426,0.289600134,0.132118832,신정6동,19,0,8833,15.39
261,양천구,신정7동,28492,1555,5264,10861,4094404,0.114874351,0.105643689,0.268742103,0.194335252,신정7동,27,1,9145,17.23
262,서대문구,신촌동,26777,5275,34964,5570,3331768,0.046532472,0.507076969,0.241401203,0.081151735,신촌동,47,2,3881,17.52
263,도봉구,쌍문1동,21098,1457,4787,7530,2440535,0.070101431,0.140724239,0.250687269,0.232818277,쌍문1동,44,0,6407,17.42
264,도봉구,쌍문2동,18139,1680,5781,6473,2430154,0.063950604,0.122222835,0.270136171,0.230993991,쌍문2동,15,0,4939,14.28
265,도봉구,쌍문3동,16707,1307,4323,5022,2438072,0.056263842,0.150655414,0.279643263,0.216196804,쌍문3동,15,0,3916,16.02
266,도봉구,쌍문4동,18211,907,2236,6835,2968285,0.099555214,0.122892757,0.266322552,0.188786997,쌍문4동,17,0,5445,17.2
267,마포구,아현동,29038,2417,13499,9091,5237419,0.070493836,0.115710448,0.374991391,0.126696053,아현동,17,2,8421,18.27
268,성북구,안암동,17439,1927,14353,4022,2896471,0.055278399,0.42123975,0.216239463,0.124491083,안암동,31,1,3092,16.5
269,강동구,암사1동,34189,2733,6272,10089,2852157,0.069466788,0.128316125,0.29804908,0.192167071,암사1동,13,0,10427,15.6
270,강동구,암사2동,14963,1200,3806,5214,3688535,0.066965181,0.118358618,0.336764018,0.174964913,암사2동,6,1,5015,29.76
271,강동구,암사3동,17380,1132,2626,5583,4470889,0.110874568,0.103164557,0.304372842,0.167376295,암사3동,11,0,6304,21.89
272,강남구,압구정동,25752,5978,36485,8856,5808537,0.104613234,0.109273066,0.276871699,0.208799317,압구정동,23,2,12258,17.91
273,중구,약수동,16433,1210,4519,6584,3894878,0.055619789,0.110996166,0.281871843,0.251323556,약수동,12,2,4730,16.01
274,서초구,양재1동,42482,5646,47376,14561,4173236,0.104444235,0.113177346,0.312908997,0.178146038,양재1동,73,1,20923,21.37
275,서초구,양재2동,21604,7927,51408,6842,3222382,0.067209776,0.15154601,0.356091465,0.148074431,양재2동,50,1,12982,22.53
276,영등포구,양평1동,18477,4862,25006,4229,3508250,0.054391947,0.166098393,0.414028251,0.133842074,양평1동,22,1,9745,16.84
277,영등포구,양평2동,22725,3692,23744,7115,3672088,0.062134213,0.166292629,0.390231023,0.123168317,양평2동,31,1,11895,25.8
278,영등포구,여의동,33297,15940,192014,10202,5590853,0.089617683,0.108298045,0.30552302,0.196804517,여의동,63,6,20629,18.01
279,강남구,역삼1동,35509,22326,176153,11995,3607265,0.039849052,0.207412205,0.455856262,0.106564533,역삼1동,47,7,21032,12.65
280,강남구,역삼2동,37126,6033,45149,11862,5367397,0.157356031,0.122636427,0.356138555,0.106098152,역삼2동,26,0,15266,14.28
281,은평구,역촌동,44429,3716,9380,14882,2521877,0.070134372,0.135001913,0.291116163,0.204573589,역촌동,50,0,12134,17.36
282,마포구,연남동,15229,3103,8438,5648,2980162,0.047869197,0.21531289,0.351369098,0.161862237,연남동,21,0,4080,15.02
283,서대문구,연희동,37274,3420,13243,11675,3383749,0.061463755,0.238986961,0.287814562,0.169796641,연희동,57,0,9990,18.81
284,마포구,염리동,17693,1106,5256,3186,4051438,0.096478833,0.162324083,0.346408184,0.121121347,염리동,9,0,5236,17.14
285,강서구,염창동,41471,3097,16227,13248,4127504,0.105181934,0.130549058,0.354247546,0.116442815,염창동,36,0,15499,20.45
286,영등포구,영등포동,31338,14943,41886,7586,3570107,0.027027889,0.26479035,0.397121705,0.11302572,영등포동,49,2,10571,16.81
287,영등포구,영등포본동,22651,1924,6381,6404,3286751,0.051918238,0.129265816,0.291731049,0.200874134,영등포본동,20,1,6261,16.46
288,송파구,오금동,37799,3613,19900,12963,3510674,0.07886452,0.12584989,0.281621207,0.189528824,오금동,38,1,13805,15.41
289,구로구,오류1동,23432,1733,5168,6927,2574851,0.04784056,0.180821099,0.335225333,0.185344828,오류1동,14,1,6882,20.39
290,구로구,오류2동,38189,2420,8474,13985,2781178,0.104925502,0.111655189,0.285448689,0.202702349,오류2동,58,1,14046,16.12
291,송파구,오륜동,17870,728,4992,5543,6095160,0.14224958,0.108282037,0.261947398,0.179462787,오륜동,24,3,6680,13.44
292,성동구,옥수동,25698,1506,4717,9899,4836487,0.063779282,0.097089268,0.354307728,0.171258464,옥수동,40,2,8857,17.4
293,성동구,왕십리2동,16508,1232,2948,5060,3474994,0.065059365,0.143385025,0.31863339,0.165556094,왕십리2동,14,1,4485,17.01
294,성동구,왕십리도선동,26830,3234,11495,8480,4015131,0.061721953,0.159411107,0.318635855,0.151285874,왕십리도선동,26,0,8066,15.35
295,마포구,용강동,21690,4088,23581,7309,4787212,0.100046104,0.096173352,0.364499769,0.143107423,용강동,23,1,9488,23.33
296,성동구,용답동,12915,2497,12834,2504,2484354,0.045296167,0.24258614,0.278358498,0.176926055,용답동,11,3,7795,18.77
297,용산구,용문동,11577,963,2159,4231,3568910,0.056404941,0.143992399,0.308370044,0.194696381,용문동,17,2,3368,12.95
298,용산구,용산2가동,10229,844,2129,3243,2540319,0.048782872,0.160817284,0.342066673,0.204809854,용산2가동,27,1,2124,17.51
299,동대문구,용신동,40016,6982,30470,8495,2894254,0.049180328,0.195771691,0.324595162,0.163634546,용신동,38,5,10209,17.47
300,강북구,우이동,20118,1557,5515,7122,2457144,0.062928721,0.117556417,0.256287901,0.25251019,우이동,34,3,5875,20.06
301,강서구,우장산동,44041,2508,7147,13395,4135674,0.124361391,0.119683931,0.309779524,0.147748689,우장산동,28,1,13841,16.34
302,용산구,원효로1동,17837,2634,12179,5251,4450695,0.056904188,0.167404833,0.403711386,0.118966194,원효로1동,23,0,6336,15.87
303,용산구,원효로2동,13792,1564,7229,4631,3817026,0.073593387,0.141313805,0.31337007,0.177276682,원효로2동,23,0,5039,20.94
304,노원구,월계1동,21384,1921,6647,7568,2777397,0.073325851,0.192340067,0.251215862,0.206135428,월계1동,44,0,6728,17.44
305,노원구,월계2동,25745,1436,3961,11477,2728093,0.074383375,0.108836667,0.260050495,0.242804428,월계2동,40,1,7806,19.47
306,노원구,월계3동,28989,1536,4525,12688,3110675,0.066335507,0.112008003,0.293697609,0.226430715,월계3동,24,1,8861,21.09
307,성북구,월곡1동,25909,1841,5848,8267,3294213,0.094947702,0.111775831,0.28935891,0.195839284,월곡1동,21,0,7481,15.29
308,성북구,월곡2동,19652,2162,11083,5672,3138026,0.073020558,0.193415428,0.269539996,0.194382251,월곡2동,27,2,5277,20.8
309,송파구,위례동,44922,1264,5146,9962,4202887,0.13670362,0.094786519,0.361604559,0.0843462,위례동,58,0,15102,18.42
310,관악구,은천동,33014,2434,7925,10519,3063077,0.078148664,0.159174895,0.303871085,0.189858848,은천동,42,0,8686,14.37
311,중구,을지로동,3206,9784,31528,422,3082514,0.024329382,0.160636307,0.424204616,0.154709919,을지로동,17,4,1610,15.24
312,성동구,응봉동,15042,682,1162,5322,3858472,0.101050392,0.111820237,0.312059567,0.174644329,응봉동,33,1,4547,18.35
313,은평구,응암1동,33075,2605,8853,7341,2726133,0.08,0.130279667,0.329191232,0.169674981,응암1동,23,0,9505,15.96
314,은평구,응암2동,27782,1284,3096,9263,3510245,0.093045857,0.090166295,0.358505507,0.154704485,응암2동,35,0,8786,15.39
315,은평구,응암3동,23916,2467,6002,6999,2360910,0.054524168,0.143711323,0.270613815,0.246278642,응암3동,25,0,5715,15.3
316,동대문구,이문1동,21364,1641,6654,4948,3000929,0.06244149,0.365427823,0.214941022,0.154090994,이문1동,27,1,4081,16.9
317,동대문구,이문2동,19988,1049,2385,6280,3137841,0.080898539,0.147738643,0.263057835,0.212677607,이문2동,10,1,5343,16.95
318,용산구,이촌1동,25578,1387,4107,9540,5974291,0.106263195,0.100437876,0.288255532,0.173977637,이촌1동,21,0,8907,18.68
319,용산구,이촌2동,7997,558,1183,3415,3596083,0.058646993,0.102538452,0.307615356,0.227835438,이촌2동,11,0,2709,22.03
320,용산구,이태원1동,7890,1871,6544,2198,3682946,0.043346008,0.172496831,0.355386565,0.175411914,이태원1동,15,1,2310,17.05
321,용산구,이태원2동,10263,1285,3282,3058,3261019,0.054175192,0.143817597,0.361005554,0.184448992,이태원2동,21,0,2528,18.77
322,종로구,이화동,7566,1673,17365,2624,3024996,0.04493788,0.25257732,0.287205921,0.183980967,이화동,20,1,1714,13.56
323,강북구,인수동,29501,2226,6650,10128,2359990,0.066607912,0.122809396,0.252533812,0.252262635,인수동,49,0,7514,15.37
324,관악구,인헌동,25948,1609,4684,6849,2783693,0.052219824,0.232079544,0.321412055,0.162363188,인헌동,23,1,5909,14.95
325,강남구,일원1동,14806,1708,6381,4792,3022931,0.067945428,0.134540051,0.287586114,0.236525733,일원1동,15,0,4607,20.48
326,강남구,일원본동,22876,732,10021,7280,5444886,0.142944571,0.099012065,0.300926735,0.153960483,일원본동,27,1,8307,17.3
327,광진구,자양1동,22840,2303,9645,5398,2745988,0.063879159,0.181523643,0.316987741,0.167469352,자양1동,13,0,7654,14.82
328,광진구,자양2동,23995,2196,7033,7066,2999213,0.071014795,0.136861846,0.30806418,0.180037508,자양2동,14,0,8278,28.14
329,광진구,자양3동,27567,1922,7600,8582,4353416,0.088293975,0.128668335,0.298327711,0.169151522,자양3동,19,0,9386,20.43
330,광진구,자양4동,23303,2197,6234,4613,2795134,0.044543621,0.191606231,0.291078402,0.1785607,자양4동,12,1,5139,29.6
331,송파구,잠실2동,35016,1137,4639,11241,6352641,0.167095042,0.095299292,0.325194197,0.114033585,잠실2동,7,1,12195,23.65
332,송파구,잠실3동,34047,2115,8502,11046,5452682,0.119305666,0.103944547,0.286016389,0.183980967,잠실3동,26,0,12045,19.41
333,송파구,잠실4동,21242,633,1906,6866,6007987,0.124752848,0.087091611,0.324828171,0.146925902,잠실4동,9,2,10216,15.82
334,송파구,잠실6동,16631,3492,55275,5372,5237775,0.103842222,0.106487884,0.291984848,0.188743912,잠실6동,15,2,12281,22.73
335,송파구,잠실7동,9446,335,1259,3198,6014516,0.095596019,0.118568706,0.232691086,0.244336227,잠실7동,4,2,3642,16.16
336,송파구,잠실본동,28233,4300,21755,9583,3079387,0.053766869,0.179506252,0.374880459,0.143342897,잠실본동,13,1,8851,16.59
337,서초구,잠원동,26982,3812,20974,11494,5458458,0.125972871,0.125083389,0.308761396,0.13338522,잠원동,24,1,9994,20.14
338,동대문구,장안1동,38147,6654,22326,11799,2863708,0.067082602,0.133562272,0.32322332,0.184994888,장안1동,27,0,12984,18.68
339,동대문구,장안2동,32859,3956,12725,9852,2920490,0.087008126,0.115158708,0.321860069,0.172738063,장안2동,33,0,10665,15.65
340,성북구,장위1동,23708,1532,3104,6134,2231978,0.074152185,0.131854226,0.287540071,0.182723131,장위1동,33,0,6535,14.71
341,성북구,장위2동,13482,1538,3865,4120,2411293,0.058893339,0.137516689,0.265020027,0.238911141,장위2동,27,1,3290,14.98
342,성북구,장위3동,15800,877,2429,6078,3113825,0.084303797,0.126139241,0.316962025,0.144746835,장위3동,36,0,5084,14.84
343,송파구,장지동,28786,1968,9283,11732,3263464,0.083408601,0.124609185,0.310359202,0.168693115,장지동,43,1,10964,19.38
344,중구,장충동,5440,1041,9357,2433,2895026,0.058272059,0.325183824,0.255147059,0.163419118,장충동,13,1,1304,13.76
345,동대문구,전농1동,31659,3020,7638,8308,3070695,0.063173189,0.159101677,0.283394927,0.191098898,전농1동,31,2,7491,16.51
346,동대문구,전농2동,18556,1358,5460,6437,3136080,0.086441043,0.122494072,0.268322914,0.210767407,전농2동,12,0,5449,15.29
347,성북구,정릉1동,18070,1275,2752,5856,3341356,0.093082457,0.127670172,0.297177643,0.181239624,정릉1동,16,1,6152,14.1
348,성북구,정릉2동,22874,1422,3344,8211,2934717,0.071347381,0.13963452,0.273585731,0.210282417,정릉2동,46,0,6441,14.8
349,성북구,정릉3동,16742,1042,5404,5359,2482564,0.064209772,0.277864054,0.218372954,0.20666587,정릉3동,32,0,3615,22.63
350,성북구,정릉4동,24624,1524,5018,8993,3038165,0.08264295,0.136492853,0.267868746,0.2097141,정릉4동,34,1,7238,18
351,동대문구,제기동,25808,5355,13094,7896,2792227,0.053433044,0.236903286,0.234423435,0.224232796,제기동,27,1,6448,16.12
352,관악구,조원동,21013,2707,7336,4180,2523192,0.041069814,0.219911483,0.342264313,0.153714367,조원동,26,0,4995,15.23
353,종로구,종로1.2.3.4가동,8648,17286,107067,1652,3245251,0.054000925,0.149398705,0.297409806,0.208024977,종로1·2·3·4가동,68,0,6317,15.91
354,종로구,종로5.6가동,5916,7972,22872,1319,2531450,0.043441515,0.246112238,0.270114943,0.182048682,종로5·6가동,18,0,1749,15.1
355,성북구,종암동,39799,2858,8433,12235,3381883,0.090328903,0.17176311,0.270383678,0.180984447,종암동,59,0,10601,21.11
356,노원구,중계1동,26419,1470,4522,8743,4623227,0.199439797,0.108104016,0.289147962,0.101858511,중계1동,18,0,8457,15.26
357,노원구,중계2.3동,32780,2047,5777,14301,2936682,0.083160464,0.112873703,0.267541184,0.239109213,중계2·3동,31,0,8493,16.75
358,노원구,중계4동,19284,1410,4285,7706,3196660,0.100653391,0.123210952,0.245955196,0.220389961,중계4동,7,0,5719,16.12
359,노원구,중계본동,23125,1724,5840,8088,4197248,0.181881081,0.126313514,0.259545946,0.118702703,중계본동,18,0,7840,14.95
360,광진구,중곡1동,15640,2152,6363,3613,2542359,0.044117647,0.187659847,0.327749361,0.172186701,중곡1동,18,0,4771,23.89
361,광진구,중곡2동,20950,2350,7380,4986,2555101,0.061050119,0.163102625,0.318902148,0.17026253,중곡2동,17,0,5212,16.91
362,광진구,중곡3동,16032,1764,5019,3870,2390961,0.053393214,0.149638224,0.307260479,0.189558383,중곡3동,21,1,4020,21.92
363,광진구,중곡4동,28032,1707,4257,7366,2523958,0.061536815,0.143906963,0.278538813,0.19916524,중곡4동,34,0,7429,16.39
364,중구,중림동,12372,1340,9166,4324,4435938,0.059004203,0.109036534,0.343840931,0.181053993,중림동,11,0,3822,14.21
365,관악구,중앙동,15691,1658,6950,3591,2633493,0.035306864,0.295201071,0.320311006,0.158562233,중앙동,14,0,2983,12.44
366,중랑구,중화1동,19068,1565,4476,5691,2518956,0.061674009,0.126232431,0.300293686,0.209565765,중화1동,14,0,5571,17.59
367,중랑구,중화2동,24417,2584,7044,6553,2253552,0.041692264,0.139492976,0.281566122,0.218986772,중화2동,28,2,6185,19.9
368,은평구,증산동,18523,1345,4363,4864,2838450,0.074447984,0.129730605,0.28694056,0.199967608,증산동,11,1,5125,21.85
369,은평구,진관동,54718,3137,13270,17146,4070863,0.13030447,0.123615629,0.284458496,0.165247268,진관동,71,1,17867,19.76
370,도봉구,창1동,24281,2141,4381,9024,3038009,0.079444833,0.12553025,0.282854907,0.207610889,창1동,21,2,8208,16.37
371,도봉구,창2동,28577,2020,4978,8798,2551630,0.072015957,0.135108654,0.283339749,0.198726248,창2동,25,0,8164,16.31
372,도봉구,창3동,13389,1241,2511,3977,2229423,0.070206886,0.114048846,0.262304877,0.233027112,창3동,14,0,3646,17.09
373,도봉구,창4동,26124,1861,7981,10132,3547959,0.090414944,0.128655642,0.276642168,0.180983004,창4동,37,1,8501,18.01
374,도봉구,창5동,24069,2547,7316,8681,3298026,0.071876688,0.134986913,0.278241722,0.200756159,창5동,18,1,7758,15.71
375,종로구,창신1동,5350,2686,6266,1589,2393308,0.03682243,0.168785047,0.248971963,0.228598131,창신1동,8,2,1197,14.88
376,종로구,창신2동,8641,1062,2192,2466,2112817,0.041661845,0.177988659,0.227404236,0.221502141,창신2동,1,0,1432,17.30245283
377,종로구,창신3동,6539,439,1128,2150,3006052,0.064535862,0.139012081,0.273283377,0.199418871,창신3동,6,1,1657,16.44
378,서대문구,천연동,16835,1131,3259,6081,4197718,0.075556876,0.12046332,0.283813484,0.199405999,천연동,37,1,4895,18.5
379,강동구,천호1동,26396,2331,5974,8035,2473111,0.058531596,0.127329898,0.292695863,0.215676618,천호1동,19,1,8730,13.56
380,강동구,천호2동,33613,4863,14840,9362,2749741,0.050099664,0.140778865,0.331508642,0.188944754,천호2동,26,0,9412,21.15
381,강동구,천호3동,26672,2545,9343,7964,3165328,0.041654169,0.165154469,0.327084583,0.186862627,천호3동,12,0,7608,17.28
382,중구,청구동,13318,1244,4497,4928,3566241,0.056915453,0.128773089,0.29493918,0.218876708,청구동,5,0,3544,15.14
383,강남구,청담동,25085,7024,43117,9731,5010204,0.090253139,0.130595974,0.331552721,0.155790313,청담동,26,0,11873,17.6
384,동대문구,청량리동,19405,1909,8278,6209,2860315,0.050141716,0.129399639,0.23231126,0.287863953,청량리동,24,0,5086,18.42
385,관악구,청룡동,37042,2742,12505,7921,2768161,0.042141353,0.3261163,0.312375142,0.131688354,청룡동,17,2,7592,14.32
386,관악구,청림동,14908,729,1615,5263,3682775,0.074322511,0.112691173,0.317078079,0.195130131,청림동,8,0,4357,15.99
387,종로구,청운효자동,11539,1477,7888,4134,3780222,0.096022186,0.122107635,0.303492504,0.188231216,청운효자동,29,0,3584,16.4
388,용산구,청파동,19786,2186,9850,5636,2608804,0.052158092,0.229202466,0.298089558,0.166835136,청파동,24,0,4277,15.87
389,서대문구,충현동,20176,2995,23946,6573,3210231,0.06378866,0.156473037,0.316365979,0.176149881,충현동,43,3,7007,18.68
390,종로구,평창동,17635,1321,4321,5958,4504006,0.086872696,0.116983272,0.263680181,0.203742557,평창동,54,0,6629,18.53
391,송파구,풍납1동,12409,946,2522,3296,3011150,0.05810299,0.108550246,0.276654041,0.230558466,풍납1동,6,1,4284,26.56
392,송파구,풍납2동,24048,1772,16405,7608,3891704,0.078592814,0.14412841,0.316699933,0.173611111,풍납2동,25,0,7824,21.65
393,중구,필동,4858,3600,24470,1191,3033044,0.04610951,0.274392754,0.276451214,0.18032112,필동,10,2,2110,14.87
394,노원구,하계1동,26877,1615,8965,10466,3611061,0.113442721,0.18257246,0.229117833,0.180414481,하계1동,32,0,7494,15.97
395,노원구,하계2동,21432,778,1687,8160,3625940,0.116974617,0.122946995,0.279022023,0.165500187,하계2동,22,1,6220,22.75
396,용산구,한강로동,22811,6669,48562,6769,4948344,0.052913068,0.144404016,0.371399763,0.14457937,한강로동,41,6,12285,14.98
397,용산구,한남동,21237,3473,21250,8174,4381088,0.064604228,0.112539436,0.358949004,0.174883458,한남동,39,2,7488,17.51
398,마포구,합정동,16828,4019,13457,6319,3195027,0.045281673,0.18843594,0.367661041,0.159793202,합정동,30,2,6345,32.04
399,구로구,항동,16534,888,2816,6173,3007261,0.09035926,0.084976412,0.389863312,0.115338091,항동,31,0,3539,16.57
400,성동구,행당1동,13996,1578,9587,4990,3900841,0.071448985,0.166333238,0.310517291,0.159974278,행당1동,26,3,4222,15.14
401,성동구,행당2동,22970,1031,2412,8481,4408744,0.08127993,0.114714845,0.307966913,0.179625599,행당2동,25,1,6717,16.54
402,관악구,행운동,29595,2060,7295,7088,2889475,0.042980233,0.268660247,0.326845751,0.154722081,행운동,15,0,6251,14.54
403,종로구,혜화동,19491,2235,8819,5065,3333112,0.074085475,0.370786517,0.219485917,0.138063722,혜화동,37,0,3505,15.72
404,서대문구,홍은1동,22491,1479,3187,7308,3093859,0.068916455,0.121604197,0.277800009,0.212929616,홍은1동,32,0,7100,15.25
405,서대문구,홍은2동,29508,2077,6630,9267,2874442,0.077029958,0.156838823,0.280771316,0.190422936,홍은2동,71,0,7363,19.82
406,서대문구,홍제1동,25083,1548,5601,8022,3459117,0.072000957,0.126340549,0.2923494,0.200255153,홍제1동,22,2,6553,19.13
407,서대문구,홍제2동,13313,829,2259,4993,3664523,0.066476376,0.120558852,0.272215128,0.214001352,홍제2동,9,0,3685,14.5
408,서대문구,홍제3동,17908,1383,3882,4969,2807766,0.06248604,0.126703149,0.271777976,0.226826,홍제3동,41,0,4622,22.73
409,강서구,화곡1동,52242,4150,10810,18754,2485455,0.043087937,0.177041461,0.349431492,0.174131925,화곡1동,27,2,15999,14.84
410,강서구,화곡2동,17489,1283,2827,6093,2385531,0.073817828,0.138715764,0.318028475,0.179198353,화곡2동,29,0,4832,17.98
411,강서구,화곡3동,21394,1690,4397,6665,3132782,0.073852482,0.143077498,0.294989249,0.209170796,화곡3동,9,0,6431,13.23
412,강서구,화곡4동,20133,1928,4315,7053,2423768,0.061739433,0.127402772,0.307356082,0.208861074,화곡4동,29,0,5844,19.46
413,강서구,화곡6동,25022,2456,12040,8085,3040513,0.058668372,0.173167613,0.324034849,0.174046839,화곡6동,29,0,7847,16.14
414,강서구,화곡8동,23993,1748,4385,9035,2473381,0.05947568,0.151960989,0.317134164,0.198224482,화곡8동,27,0,6098,15.54
415,강서구,화곡본동,33523,2177,4919,12605,2398795,0.066402172,0.168898965,0.343644662,0.159054977,화곡본동,25,0,9200,13.59
416,광진구,화양동,27844,3072,16195,5296,2470026,0.037458698,0.491380549,0.265874156,0.086122684,화양동,20,2,4140,15.37
417,중구,황학동,13614,2487,5992,3959,3247840,0.037094168,0.182091964,0.371455854,0.156530043,황학동,7,0,3461,13.29
418,동대문구,회기동,13581,1293,10348,3115,3217279,0.063250129,0.452985789,0.215963478,0.114498196,회기동,9,0,2124,15.61
419,중구,회현동,5107,9246,46229,1744,4442451,0.052476992,0.096338359,0.25729391,0.264734678,회현동,34,5,11612,15.35
420,용산구,효창동,10828,702,2596,3463,3523201,0.062615441,0.152290358,0.337827854,0.14794976,효창동,15,0,3246,16.11
421,용산구,후암동,16540,1367,4605,5363,3013677,0.068621524,0.137484885,0.320798065,0.185247884,후암동,16,0,4014,18.46
422,동대문구,휘경1동,16168,1285,3690,4327,2722774,0.05541811,0.348713508,0.244804552,0.135267194,휘경1동,13,1,3932,22.15
423,동대문구,휘경2동,25288,1665,5457,6802,3071586,0.07734894,0.261151534,0.251028156,0.167549826,휘경2동,18,0,6353,15.97
424,동작구,흑석동,32366,2136,11037,9613,4224946,0.074337268,0.195297534,0.279398134,0.160353457,흑석동,48,1,9097,15.36