,행정구,행정동,인구수,사업체수,종사자수,집 개수,소득,10대 비율,20대 비율,3040 비율,65세 이상 비율,행정동명,버스정류장 개수,지하철역 개수,자동차 등록대수,도로 평균 속도
0,송파구,가락1동,27670,3791,12367,9716,4973588,0.0963136971449223,0.09569931333574268,0.3543548970003614,0.14221178171304663,가락1동,14,3.0,11406.0,16.42
1,송파구,가락2동,31450,3155,11544,10424,3910198,0.10352941176470588,0.13017488076311606,0.3107154213036566,0.14957074721780605,가락2동,21,2.0,10758.0,15.61
2,송파구,가락본동,25617,5069,28151,8410,3521561,0.06355154780028888,0.14057071475972988,0.3180700316196276,0.1649295389780224,가락본동,25,1.0,12586.0,16.24
3,구로구,가리봉동,12478,1189,4248,2551,2336331,0.02532457124539189,0.14681840038467703,0.2850617086071486,0.17887481968264146,가리봉동,9,0.0,2730.0,15.08
4,금천구,가산동,27166,25043,182376,6200,2567594,0.025068099830670692,0.26857100787749394,0.3760583081793418,0.110248104247957,가산동,105,3.0,20010.0,18.46
5,강서구,가양1동,34255,9982,70656,7921,3560388,0.05003649102320829,0.23126550868486354,0.3955334987593052,0.10170777988614801,가양1동,62,3.0,26665.0,18.19
6,강서구,가양2동,13599,914,3352,7085,3065320,0.02919332303845871,0.0986101919258769,0.26678432237664534,0.33178910213986323,가양2동,15,0.0,4200.0,24.45
7,강서구,가양3동,14321,1252,7941,7454,3047051,0.028908595768451922,0.09035681865791495,0.33196005865512185,0.27651700300258364,가양3동,15,0.0,7575.0,14.53
8,종로구,가회동,3986,969,14180,1601,3479766,0.07952834922227797,0.1058705469141997,0.2980431510286001,0.2129954841946814,가회동,21,0.0,1265.0,18.1
9,은평구,갈현1동,14820,2038,5306,7330,2481200,0.06470985155195681,0.14541160593792174,0.28110661268556003,0.21464237516869095,갈현1동,36,0.0,5431.0,16.06
10,은평구,갈현2동,27817,2344,6776,9400,2539257,0.08092173850523061,0.14196354747097098,0.28299241471042885,0.19520437142754432,갈현2동,29,1.0,7503.0,14.68
11,강동구,강일동,32810,1443,5960,11745,3073250,0.1081377628771716,0.10347455044193843,0.2934775982932033,0.1856750990551661,강일동,51,2.0,12721.0,24.08
12,구로구,개봉1동,34067,2540,6162,10967,2805757,0.06572342736372443,0.11961722488038277,0.2924824610326709,0.20665159832095575,개봉1동,47,1.0,11065.0,16.96
13,구로구,개봉2동,30382,1789,3901,11045,3068971,0.06852741754986505,0.11134882496214864,0.281910341649661,0.2336580870252123,개봉2동,25,0.0,9241.0,14.68
14,구로구,개봉3동,20136,1428,8477,7266,2512790,0.06555423122765197,0.1109455701231625,0.27567540723083034,0.23078069129916567,개봉3동,22,0.0,5738.0,15.69
15,강남구,개포1동,6909,279,1251,1608,5336373,0.10551454624402953,0.09711969894340715,0.2550296714430453,0.24634534664929802,개포1동,14,0.0,3875.0,18.52
16,강남구,개포2동,40944,1309,4366,7063,5195802,0.12353458382180539,0.11359417741305197,0.3230265728800313,0.12937182493161392,개포2동,34,3.0,10266.0,18.86
17,강남구,개포3동,17010,863,10440,6680,4553185,0.09559082892416226,0.09753086419753086,0.31610817166372723,0.21387419165196944,개포3동,13,1.0,6205.0,22.7
18,강남구,개포4동,23597,2900,12667,7409,3550527,0.09318981226427088,0.12560918760859432,0.32050684409035046,0.15510446243166504,개포4동,26,0.0,8552.0,16.55
19,송파구,거여1동,12113,1228,3504,3552,2789100,0.06975976223891686,0.13663006687030463,0.269627672748287,0.21208618839263602,거여1동,8,1.0,4079.0,18.47
20,송파구,거여2동,23696,1225,4647,5382,3033238,0.07423193787981094,0.10698008102633356,0.3035955435516543,0.1899898717083052,거여2동,9,0.0,7416.0,15.95
21,강동구,고덕1동,24040,1274,3072,7536,4618641,0.15915141430948418,0.0839018302828619,0.3250415973377704,0.1314891846921797,고덕1동,21,0.0,8453.0,17.91
22,강동구,고덕2동,22928,1063,3653,6605,2465499,0.10249476622470342,0.0925069783670621,0.3459089323098395,0.14314375436147941,고덕2동,20,0.0,7971.0,21.26
23,구로구,고척1동,26614,3188,10326,7405,2972418,0.06985045464792966,0.1298940407304426,0.3288870519275569,0.1798677387840986,고척1동,31,0.0,7843.0,16.52
24,구로구,고척2동,26407,2416,5276,8142,2882639,0.0787291248532586,0.12083917143181733,0.2612564850229106,0.21732873859204,고척2동,36,0.0,8676.0,16.95
25,마포구,공덕동,37244,3861,21353,11878,4047702,0.05804961873053378,0.15871012780582108,0.3172860057995919,0.1675437654387284,공덕동,35,2.0,11977.0,15.59
26,노원구,공릉1동,36867,3992,14564,13582,2786137,0.06827243876637644,0.1916619198741422,0.2748528494317411,0.1932622670681097,공릉1동,45,3.0,11031.0,19.24
27,노원구,공릉2동,42448,2754,13078,12923,3394877,0.10085280814172634,0.1749905767056163,0.2907086317376555,0.14544854881266492,공릉2동,52,1.0,13080.0,17.15
28,강서구,공항동,30316,2838,34394,7888,2896818,0.07494392400052777,0.12676474468927298,0.3436469191186172,0.1492611162422483,공항동,57,2.0,11520.0,20.45
29,광진구,광장동,34296,2180,14269,10349,5284540,0.15888150221600186,0.11333683228364824,0.3010846745976207,0.1211803125728948,광장동,38,1.0,11677.0,24.09
30,중구,광희동,7117,9352,34741,1828,3229604,0.037937333145988475,0.26120556414219476,0.3206407194042434,0.1614444288323732,광희동,24,3.0,2434.0,14.46
31,종로구,교남동,9870,592,8371,3917,4616890,0.08156028368794327,0.11428571428571428,0.3260385005065856,0.1707193515704154,교남동,22,0.0,2942.0,20.39
32,구로구,구로1동,20756,1158,3235,6820,3368067,0.09351512815571401,0.11659279244555791,0.3485257275004818,0.1464154943148969,구로1동,21,0.0,16478.0,18.25
33,구로구,구로2동,29104,9656,31811,7183,2453690,0.04951209455744915,0.10747663551401869,0.2670079714128642,0.21519378779549203,구로2동,42,1.0,10547.0,17.75
34,구로구,구로3동,25049,10885,94712,7361,2888444,0.055052097888139244,0.1836001437183121,0.361012415665296,0.15122360174058844,구로3동,47,2.0,8883.0,15.24
35,구로구,구로4동,22670,2393,6469,8483,2617060,0.04605205116894574,0.12051168945743274,0.2846934274371416,0.2227613586237318,구로4동,13,1.0,7549.0,13.58
36,구로구,구로5동,31767,5596,28055,8740,3213284,0.0481317090062014,0.1630622973525986,0.3299335788711556,0.16633613498284383,구로5동,34,1.0,11679.0,15.81
37,은평구,구산동,31743,1996,6219,10543,2602334,0.0796081025737958,0.13596698484705289,0.26739753646473235,0.20681725104747503,구산동,34,0.0,9339.0,14.89
38,광진구,구의1동,23929,2623,7443,5195,2683701,0.052697563625726106,0.20715449872539596,0.3380417067157006,0.14484516695223368,구의1동,13,1.0,6686.0,18.46
39,광진구,구의2동,26329,1929,5989,7341,2948328,0.08458353906339018,0.1303885449504349,0.29974552774507196,0.17930798739033005,구의2동,21,1.0,7279.0,16.58
40,광진구,구의3동,28095,3708,16217,9070,4010979,0.08168713294180459,0.14803345791066025,0.31030432461292046,0.1621640861363232,구의3동,23,1.0,9168.0,22.51
41,광진구,군자동,21592,2389,9834,4556,2604535,0.051639496109670245,0.2695905891070767,0.3017784364579474,0.1509355316783994,군자동,22,0.0,5160.0,17.97
42,성동구,금호1가동,14943,927,2416,6021,4010011,0.07180619688148297,0.10419594458943987,0.3252358964063441,0.18851636217626982,금호1가동,39,1.0,4796.0,14.11
43,성동구,금호2.3가동,22124,1458,2963,7453,3751434,0.05898571686855903,0.11367745434821913,0.3355631892966914,0.1841891158922437,금호2·3가동,37,0.0,6261.0,15.22
44,성동구,금호4가동,14329,999,2294,5223,4442144,0.06601995952264639,0.09574987787005373,0.34887291506734597,0.1822876683648545,금호4가동,31,1.0,4525.0,18.26
45,강동구,길동,44976,5966,23814,14776,2840603,0.05916488794023479,0.1424759871931697,0.3076085023123444,0.19643810032017076,길동,37,1.0,15918.0,17.09
46,성북구,길음1동,34909,1583,4419,11859,4462339,0.14302901830473516,0.09805494285141368,0.3166805121888338,0.14004984387980177,길음1동,27,1.0,10746.0,15.45
47,성북구,길음2동,21925,1696,5554,5855,3736133,0.09240592930444698,0.11676168757126568,0.3123375142531357,0.15033067274800457,길음2동,22,0.0,6447.0,17.31
48,관악구,낙성대동,18054,1997,8919,3543,3225725,0.04774565193308962,0.34258336102802706,0.32790517336878255,0.11421291680514013,낙성대동,36,0.0,3958.0,17.79
49,관악구,난곡동,26037,1485,3215,7659,2268676,0.06241118408418789,0.14279678918462188,0.2709605561316588,0.22099320198179515,난곡동,22,0.0,6307.0,15.9
50,관악구,난향동,14908,734,2130,4938,3262195,0.09102495304534478,0.10953850281727931,0.28018513549771934,0.19714247383954925,난향동,15,0.0,4838.0,16.37
51,서대문구,남가좌1동,16954,954,2718,5609,4622839,0.11041642090362157,0.09496284062758051,0.3390940191105344,0.13855137430694822,남가좌1동,15,1.0,5397.0,15.36
52,서대문구,남가좌2동,30444,2044,5698,8979,3237719,0.08083694652476678,0.16413743266325057,0.29707003021941925,0.1687688871370385,남가좌2동,25,0.0,8492.0,16.0
53,용산구,남영동,7385,2245,18439,1714,3183091,0.034800270819228166,0.12498307379823967,0.28138117806364255,0.21462423832092078,남영동,21,4.0,2660.0,15.0
54,관악구,남현동,17998,1442,5853,5277,3234026,0.04000444493832648,0.21441271252361374,0.3278142015779531,0.17007445271696855,남현동,9,0.0,4997.0,19.54
55,서초구,내곡동,17332,1493,9802,5435,4047063,0.08775675051927072,0.09779598430648512,0.3074659589199169,0.20228479113777983,내곡동,64,1.0,8232.0,21.47
56,동작구,노량진1동,32764,2367,7337,10612,3583099,0.05890611646929557,0.1875228909779026,0.30399218654620924,0.18749236967403246,노량진1동,52,3.0,8681.0,19.86
57,동작구,노량진2동,11198,2011,6809,2752,2420761,0.03679228433648866,0.2010180389355242,0.3002321843186283,0.20548312198606894,노량진2동,12,0.0,2370.0,21.24
58,은평구,녹번동,36563,3045,13682,12546,3055864,0.058447063971774744,0.12608374586330443,0.3079889505784536,0.20709460383447748,녹번동,27,2.0,10447.0,15.21
59,강남구,논현1동,21836,8395,48548,8113,3277066,0.039063931122916284,0.19582341088111377,0.4193991573548269,0.13885326982963914,논현1동,18,4.0,10388.0,13.23
60,강남구,논현2동,20855,9228,71748,7132,3973993,0.06008151522416687,0.16053704147686407,0.37789498921122033,0.15583792855430353,논현2동,26,4.0,10196.0,13.57
61,광진구,능동,11515,1214,6229,2531,2846023,0.04550586191923578,0.21076856274424663,0.36361267911419887,0.14963091619626573,능동,8,3.0,3050.0,13.82
62,중구,다산동,13809,2023,8723,4507,2679845,0.05199507567528423,0.16489246143819247,0.2974147295242233,0.20964588311970453,다산동,8,2.0,3352.0,12.16
63,동대문구,답십리1동,28391,3799,9651,9261,3538405,0.06808495650029939,0.14000915783170723,0.3406713395089993,0.15180867176217816,답십리1동,27,0.0,9608.0,15.08
64,동대문구,답십리2동,27883,2847,8207,9791,3049260,0.06286984901194276,0.11835168382168346,0.29340458343793707,0.21281784599935444,답십리2동,20,0.0,8629.0,15.95
65,영등포구,당산1동,21355,5494,24326,5770,3536432,0.04322172793256848,0.17738234605478811,0.3601030203699368,0.167501756029033,당산1동,21,2.0,7716.0,14.7
66,영등포구,당산2동,37226,4485,29031,10563,4130932,0.06302046956428303,0.18820179444474291,0.36356310105840006,0.13412668564981464,당산2동,43,2.0,12907.0,19.59
67,영등포구,대림1동,16259,1472,4850,4052,2582442,0.05221723353219755,0.12097915000922566,0.27849191217172026,0.20979150009225658,대림1동,16,0.0,4883.0,13.95
68,영등포구,대림2동,17631,2049,4876,4241,2686240,0.0389087402869945,0.12183086608814021,0.30106063184164256,0.1867165787533322,대림2동,12,1.0,4068.0,14.33
69,영등포구,대림3동,25094,3310,10073,7375,2907933,0.054754124491910416,0.11843468558221089,0.2800669482744879,0.1992508169283494,대림3동,36,0.0,8106.0,15.81
70,동작구,대방동,36054,2475,12300,11808,3524765,0.10037721195983802,0.1723525822377545,0.2964164863815388,0.16120264048371888,대방동,54,2.0,10553.0,17.32
71,은평구,대조동,27731,3363,7968,8662,2535013,0.05409108939454041,0.18791244455663336,0.3064440517832029,0.19227579243445964,대조동,24,3.0,6064.0,14.31
72,강남구,대치1동,24014,1406,7459,6935,7421305,0.22386940951111853,0.0951111851420005,0.28041975514283335,0.11543266427917048,대치1동,18,1.0,17827.0,14.18
73,강남구,대치2동,38206,5880,70537,11109,6017362,0.1738732136313668,0.10749620478458881,0.2786211589802649,0.14482018531120766,대치2동,30,3.0,15041.0,16.13
74,강남구,대치4동,19174,5882,37270,6564,4101144,0.123344111818087,0.1636591217273391,0.3495358297694795,0.11009700636278294,대치4동,14,0.0,13749.0,13.11
75,관악구,대학동,27244,2179,14916,4400,2622408,0.038944354720305385,0.302672147995889,0.3417633240346498,0.12032007047423286,대학동,54,1.0,4922.0,20.8
76,마포구,대흥동,16425,1968,9808,3335,3421062,0.05747336377473364,0.3089802130898021,0.2915677321156773,0.12097412480974125,대흥동,31,3.0,3898.0,14.82
77,강남구,도곡1동,20813,2616,18547,6840,5412484,0.11641762360063422,0.12141450055253927,0.3150434824388603,0.15192427809542114,도곡1동,21,1.0,8961.0,13.63
78,강남구,도곡2동,32694,2990,21648,10213,6567504,0.14641830305254785,0.10861320119899676,0.28057135865908117,0.16140576252523398,도곡2동,20,2.0,13523.0,15.71
79,영등포구,도림동,19571,1707,3580,4005,3031484,0.04501558428286751,0.1383679934597108,0.3224669153339124,0.18154412140411832,도림동,23,0.0,5691.0,15.89
80,도봉구,도봉1동,20280,2147,6178,6964,2275377,0.051134122287968445,0.10808678500986194,0.23141025641025642,0.3010848126232742,도봉1동,36,0.0,6637.0,15.57
81,도봉구,도봉2동,26093,2035,7780,9542,2811820,0.05461234813934772,0.10554554861457095,0.2594182347756103,0.26930594412294484,도봉2동,43,3.0,8455.0,16.25
82,마포구,도화동,20867,3142,17730,7170,4217433,0.06886471462117219,0.12752192456989506,0.31154454401686876,0.18823980447596683,도화동,33,3.0,7817.0,17.41
83,금천구,독산1동,48208,5608,24752,13038,3000453,0.050800696979754395,0.1749709591769001,0.36454530368403587,0.1346457019581812,독산1동,66,0.0,17953.0,17.66
84,금천구,독산2동,19278,1531,4184,4931,2251577,0.054466230936819175,0.12921464882249195,0.27144932046892833,0.20028011204481794,독산2동,9,0.0,5237.0,15.17
85,금천구,독산3동,27090,2677,6887,6967,2386851,0.04525655223329642,0.14248800295311922,0.2826504245108896,0.19136212624584717,독산3동,22,0.0,7600.0,15.41
86,금천구,독산4동,16212,1385,3457,3946,2255044,0.05502097211941771,0.12718973599802616,0.26572908956328645,0.19837157660991858,독산4동,15,0.0,4510.0,15.15
87,성북구,돈암1동,14420,688,2087,5778,3583117,0.0753120665742025,0.1325242718446602,0.2620665742024965,0.2136615811373093,돈암1동,14,0.0,4161.0,18.23
88,성북구,돈암2동,23619,909,2893,8240,4297592,0.11185909649011389,0.11592362081375164,0.28532113976036244,0.16025233921842585,돈암2동,34,0.0,7574.0,19.64
89,성북구,동선동,16016,2682,10483,4298,2821008,0.06168831168831169,0.33266733266733267,0.270541958041958,0.13911088911088912,동선동,17,0.0,3419.0,14.68
90,중구,동화동,10136,1337,4391,3180,3621349,0.07784135753749014,0.11829123914759274,0.27081689029202843,0.20244672454617205,동화동,4,0.0,2920.0,17.25
91,강동구,둔촌1동,71,36,286,5,3596734,0.07042253521126761,0.1267605633802817,0.36619718309859156,0.14084507042253522,둔촌1동,9,2.0,545.0,14.57
92,강동구,둔촌2동,24387,2063,9942,7962,3414406,0.07762332390207898,0.12920818468856357,0.29716652314757863,0.1837044326895477,둔촌2동,29,1.0,7998.0,16.37
93,강서구,등촌1동,25121,2720,17753,6384,3322838,0.04553958839218184,0.19214999402890012,0.4057163329485291,0.12738346403407508,등촌1동,15,1.0,9259.0,17.12
94,강서구,등촌2동,19541,1211,3972,7009,3352636,0.07143953738293844,0.1398597819968272,0.3165139962130904,0.1794176347167494,등촌2동,9,0.0,6690.0,10.23
95,강서구,등촌3동,29726,3261,20336,13522,3403390,0.05587701002489403,0.11246047231379937,0.2794859718764718,0.24826750992397228,등촌3동,49,1.0,9117.0,16.32
96,성동구,마장동,22390,4030,12518,6564,3021967,0.06659222867351496,0.19678427869584636,0.2683787405091559,0.1849486377847253,마장동,28,1.0,8577.0,17.62
97,송파구,마천1동,18316,1419,3006,5299,2435636,0.07523476741646648,0.11257916575671544,0.24492247215549245,0.24230181262284342,마천1동,13,1.0,5887.0,18.21
98,송파구,마천2동,17906,1796,4727,5354,2339431,0.061096839048363674,0.11610633307271306,0.2465653970736066,0.24254439852563386,마천2동,13,0.0,5743.0,17.24
99,중랑구,망우3동,16157,1507,4272,3604,2231082,0.05786965401992944,0.1317695116667698,0.25363619483815064,0.22609395308535,망우3동,11,0.0,5274.0,14.62
100,중랑구,망우본동,35946,4406,12914,7453,2443681,0.058114950203082404,0.12713514716519222,0.3035664608023146,0.1974628609581038,망우본동,56,3.0,11189.0,20.07
101,마포구,망원1동,19499,2837,6549,7047,2802536,0.056464434073542236,0.16257243961228782,0.34458177342427815,0.17939381506743934,망원1동,23,0.0,5704.0,21.58
102,마포구,망원2동,18232,2043,4844,6467,2912810,0.0780495831505046,0.14436156208863538,0.3206450197455024,0.181494076349276,망원2동,35,0.0,5346.0,33.16
103,중랑구,면목2동,24069,2477,5975,6489,2322173,0.05696123644521999,0.12530641073580123,0.2828534629606548,0.20657276995305165,면목2동,23,0.0,7445.0,19.92
104,중랑구,면목3.8동,25011,2776,7878,6375,2354962,0.05165727080084763,0.1398184798688577,0.2783575226900164,0.2176242453320539,면목3·8동,30,0.0,6075.0,13.7
105,중랑구,면목4동,18550,2568,4971,5408,2573570,0.06134770889487871,0.12442048517520216,0.28452830188679246,0.2184366576819407,면목4동,13,1.0,5174.0,16.1
106,중랑구,면목5동,14735,1161,3336,4409,2233073,0.05822870715982355,0.10444519850695623,0.33600271462504244,0.1688496776382762,면목5동,11,0.0,4711.0,26.43
107,중랑구,면목7동,21614,1957,4800,6204,2655671,0.05070787452577034,0.1306560562598316,0.29101508281669286,0.21314888498195614,면목7동,18,0.0,5996.0,16.3
108,중랑구,면목본동,33647,3481,7511,8582,2336892,0.04963295390376556,0.15062264094867298,0.29937290100157515,0.19407376586322703,면목본동,28,1.0,8022.0,14.32
109,중구,명동,3510,8849,110506,547,3733600,0.04928774928774929,0.14786324786324787,0.30512820512820515,0.22165242165242166,명동,29,1.0,7790.0,14.65
110,강동구,명일1동,25415,2470,7262,8248,3540203,0.09218965178044462,0.10942356875860712,0.3126106629942947,0.17509344875073776,명일1동,24,1.0,8341.0,15.11
111,강동구,명일2동,17253,1468,5403,4629,4514278,0.13904828145829712,0.12525357908769488,0.28169014084507044,0.16704341273981338,명일2동,13,1.0,5792.0,15.7
112,양천구,목1동,30386,3862,23811,7768,5667672,0.167412624234845,0.09998025406437175,0.3048114263147502,0.12038438754689659,목1동,24,2.0,11633.0,15.35
113,양천구,목2동,29213,1985,5297,10552,3244963,0.07715742991134084,0.1491801595180228,0.32800465546160956,0.15742991134084142,목2동,15,2.0,8754.0,17.78
114,양천구,목3동,21451,1931,5170,7164,3101712,0.061022796140040095,0.14507482168663466,0.322735536804811,0.1742109924945224,목3동,8,1.0,6422.0,16.47
115,양천구,목4동,24686,1997,4562,7503,3426858,0.12306570525804099,0.15377136838693997,0.27132787814955844,0.14299603013854006,목4동,14,0.0,7319.0,14.85
116,양천구,목5동,40715,2306,10260,12391,5987821,0.17728110033157313,0.09888247574603955,0.29492815915510256,0.12847844774653075,목5동,28,0.0,14330.0,16.75
117,종로구,무악동,8040,761,1891,2860,5136717,0.11567164179104478,0.10310945273631841,0.268407960199005,0.1865671641791045,무악동,4,0.0,2796.0,12.86
118,중랑구,묵1동,33979,2326,6252,10805,3120718,0.08631801995350069,0.1416463109567674,0.2885900114776774,0.18752759057064658,묵1동,32,0.0,10614.0,18.25
119,중랑구,묵2동,18466,2393,4973,5309,2533867,0.05778186938156612,0.1366294812087079,0.29183364020361746,0.21071157803530813,묵2동,20,1.0,5620.0,20.35
120,영등포구,문래동,32390,7922,49600,9046,4019445,0.09277554800864464,0.11108366779870331,0.3591849336214881,0.15310280950910776,문래동,42,1.0,13985.0,17.21
121,송파구,문정1동,19705,1988,6841,6783,3568357,0.07089571174828724,0.1447348388733824,0.3115960416138036,0.16823141334686628,문정1동,17,0.0,10886.0,14.36
122,송파구,문정2동,28981,13813,93614,5607,4425648,0.05068838204340775,0.16414202408474518,0.41037231289465514,0.1494427383458128,문정2동,32,3.0,14562.0,18.85
123,관악구,미성동,30309,2218,6187,8791,2676537,0.06816457157939886,0.14949354977069518,0.28041175888349995,0.20713319476063216,미성동,36,0.0,8366.0,14.78
124,강북구,미아동,21657,2337,6971,6555,2318870,0.0558249064967447,0.18100383247910606,0.25511382001200533,0.22288405596342983,미아동,27,1.0,4767.0,15.5
125,서초구,반포1동,34387,2593,13146,9429,5338302,0.11917294326344258,0.11894029720533923,0.36022334021577923,0.12554162910402186,반포1동,20,2.0,11760.0,16.03
126,서초구,반포2동,18735,539,2333,4702,6812331,0.17485988791032825,0.0899919935948759,0.29442220443021083,0.13909794502268483,반포2동,19,1.0,5827.0,18.34
127,서초구,반포3동,23946,1392,7458,7183,6140775,0.14006514657980457,0.1084523511233609,0.29633341685458947,0.14394888499123026,반포3동,15,0.0,7828.0,18.83
128,서초구,반포4동,19299,4459,30539,6192,5280483,0.11725996165604435,0.10834758277630965,0.31079330535260896,0.1605264521477797,반포4동,32,3.0,7042.0,13.91
129,서초구,반포본동,258,374,1286,3662,5583021,0.12790697674418605,0.1124031007751938,0.28294573643410853,0.15891472868217055,반포본동,3,1.0,1250.0,20.52
130,강서구,발산1동,36044,6786,32771,12284,3192517,0.13711019864609922,0.12024192653423593,0.2890078792586838,0.14931750083231607,발산1동,59,1.0,13981.0,16.7
131,서초구,방배1동,16730,2468,17090,5539,4069239,0.07931858936043036,0.13191870890615662,0.33120143454871487,0.184160191273162,방배1동,22,1.0,7283.0,15.57
132,서초구,방배2동,18229,2784,17750,5306,3864301,0.08195732075264688,0.12814745734818148,0.30341763124691423,0.19874924570738933,방배2동,36,1.0,5992.0,17.98
133,서초구,방배3동,17076,1983,13217,6828,4681587,0.10066760365425158,0.11524947294448348,0.2796907940969782,0.19700163972827361,방배3동,44,1.0,7024.0,14.74
134,서초구,방배4동,23172,3223,14236,7712,4557937,0.11548420507509062,0.1250647332988089,0.317063697566028,0.16066804764370793,방배4동,29,0.0,8080.0,14.3
135,서초구,방배본동,20622,2459,10660,5743,4856162,0.1353893899718747,0.11924158665502861,0.29075744350693433,0.16045970322956066,방배본동,21,0.0,7910.0,14.64
136,송파구,방이1동,15275,1963,8979,4921,3970520,0.09793780687397709,0.13937806873977088,0.29931260229132567,0.15751227495908346,방이1동,12,1.0,6856.0,15.39
137,송파구,방이2동,26695,5121,21736,8214,2928271,0.041580820378348,0.1985015920584379,0.3872260722981832,0.141224948492227,방이2동,13,1.0,7838.0,15.09
138,도봉구,방학1동,28013,2996,13758,8331,2895702,0.07310891371863064,0.1277978081604969,0.2501695641309392,0.22725163317031377,방학1동,31,1.0,10234.0,15.87
139,도봉구,방학2동,18893,1576,3226,6149,2099146,0.0673265230508654,0.11766262636955487,0.2359604086169481,0.2507807124331763,방학2동,23,0.0,4841.0,15.85
140,도봉구,방학3동,26259,1476,3861,9698,2962092,0.09726189116112571,0.1076583266689516,0.25408431394950304,0.2153166533379032,방학3동,26,0.0,8372.0,17.52
141,강서구,방화1동,42512,3658,11304,13673,3407916,0.10138313887843432,0.10862815205118555,0.312617613850207,0.17152803914188935,방화1동,43,2.0,14972.0,15.68
142,강서구,방화2동,23036,3860,16238,7532,2708397,0.05560861260635527,0.13669907970133705,0.30126758117728775,0.22477860739711755,방화2동,36,7.0,9349.0,30.97
143,강서구,방화3동,22199,1287,4689,9698,3044446,0.062300103608270645,0.09090499572052795,0.30235596198026937,0.258480111716744,방화3동,21,1.0,7336.0,22.96
144,강북구,번1동,18417,2486,10192,4529,2303972,0.04979095400988218,0.17950806320247598,0.2858771786935983,0.20866590649942987,번1동,23,1.0,4781.0,14.19
145,강북구,번2동,15055,912,3732,6723,2308539,0.057256725340418466,0.12673530388575224,0.2377947525738957,0.2793756227167054,번2동,42,0.0,3621.0,18.59
146,강북구,번3동,16505,1126,3302,7257,2548326,0.06761587397758255,0.10645259012420479,0.23047561345046955,0.29960617994547106,번3동,35,0.0,4478.0,17.68
147,용산구,보광동,13585,1155,2365,3588,2545653,0.04895104895104895,0.1422892896577107,0.3187338976812661,0.19889584100110416,보광동,13,0.0,3072.0,17.84
148,관악구,보라매동,24392,2025,6990,6221,2529995,0.05444408002623811,0.19063627418825846,0.30120531321744837,0.19826172515578877,보라매동,25,1.0,6187.0,14.73
149,성북구,보문동,16680,1787,6720,4580,3162623,0.06115107913669065,0.17308153477218224,0.3152278177458034,0.15881294964028778,보문동,9,2.0,4588.0,17.36
150,종로구,부암동,9443,894,3762,3070,3647449,0.09011966536058456,0.13364396907762363,0.28656147410780475,0.19644180874722017,부암동,34,0.0,3140.0,19.05
151,서대문구,북가좌1동,17709,1490,3745,6089,4005416,0.10734654695352645,0.10774182619007285,0.2914337342594161,0.18069907956406348,북가좌1동,12,0.0,7375.0,16.62
152,서대문구,북가좌2동,31111,2743,6468,10603,2590646,0.07016810774324193,0.1433576548487673,0.2770402751438398,0.21651505898235351,북가좌2동,36,0.0,8515.0,14.67
153,서대문구,북아현동,15796,1154,2656,5298,4172659,0.06330716637123322,0.12838693340086096,0.3426183844011142,0.15155735629273234,북아현동,16,0.0,4479.0,17.98
154,은평구,불광1동,37826,2408,7000,13601,3182963,0.06342198487812616,0.12639454343573203,0.28308570824300744,0.2168349812298419,불광1동,38,1.0,10463.0,14.1
155,은평구,불광2동,27073,1924,4933,8970,2396457,0.05463007424371145,0.1432423447715436,0.270453957817752,0.23458796587005504,불광2동,26,1.0,6484.0,15.83
156,성동구,사근동,14048,1310,10537,3183,3099614,0.06584567198177677,0.4604214123006834,0.20785876993166286,0.1100512528473804,사근동,40,2.0,2250.0,21.67
157,동작구,사당1동,22954,2463,10779,5780,2855173,0.03563649037204845,0.2271063866864163,0.3392001394092533,0.1732595626034678,사당1동,12,3.0,5473.0,13.1
158,동작구,사당2동,28517,2159,6817,8341,3884988,0.06262930883332748,0.1238208787740646,0.30455517761335343,0.20969947750464635,사당2동,30,3.0,8292.0,20.06
159,동작구,사당3동,24038,1470,4960,7759,3890035,0.06681088276894917,0.1289208752808054,0.30605707629586487,0.20059905150178883,사당3동,27,0.0,7093.0,15.58
160,동작구,사당4동,14073,963,2159,4080,2844168,0.04789312868613657,0.17238684004831947,0.3116606267320401,0.2046471967597527,사당4동,4,1.0,3513.0,14.96
161,동작구,사당5동,14293,910,2034,3515,3047661,0.06415727978730847,0.14314699503253342,0.3325404043937592,0.17547051003987965,사당5동,24,0.0,4203.0,19.7
162,종로구,사직동,9326,5035,56013,2778,5007768,0.07173493459146472,0.11644863821574095,0.3194295517906927,0.19954964615054685,사직동,31,2.0,8170.0,19.12
163,강북구,삼각산동,30817,1405,2949,11376,3734477,0.12437940097997859,0.10617516305935036,0.2929227374501087,0.1582243566862446,삼각산동,22,0.0,9378.0,16.59
164,성북구,삼선동,22875,2507,11157,6987,3057377,0.07589071038251366,0.20065573770491804,0.27374863387978143,0.18041530054644808,삼선동,38,3.0,5773.0,14.82
165,강남구,삼성1동,12584,7353,73562,4595,5098096,0.09265734265734266,0.12897329942784488,0.3045931341385887,0.18070565797838525,삼성1동,30,2.0,8432.0,19.42
166,강남구,삼성2동,30776,6267,48407,10178,5055114,0.1153821159344944,0.12363530023394853,0.3565440603067325,0.12984143488432545,삼성2동,21,2.0,12402.0,15.56
167,관악구,삼성동,20265,1368,3064,7833,2593695,0.05669874167283494,0.11038736738218603,0.23834196891191708,0.277473476437207,삼성동,30,0.0,5884.0,17.55
168,강북구,삼양동,22751,1562,4104,7808,2473211,0.07208474352775703,0.12649993406883214,0.2565161970902378,0.22631972221001276,삼양동,29,3.0,5922.0,16.08
169,송파구,삼전동,29574,2884,12315,11497,2779980,0.06099952661121255,0.1660242104551295,0.37735849056603776,0.14651382971529045,삼전동,14,0.0,8827.0,15.53
170,종로구,삼청동,2495,956,4978,730,3442534,0.08016032064128256,0.10220440881763528,0.28937875751503006,0.250501002004008,삼청동,17,0.0,777.0,18.28
171,노원구,상계10동,18274,818,2515,6422,3132098,0.08202911240013133,0.12629966072014884,0.31126190215606875,0.16394877968698698,상계10동,24,0.0,5362.0,19.91
172,노원구,상계1동,37267,3934,11608,13410,3030316,0.07958783910698473,0.12413126895108273,0.2598008962352752,0.21040062253468217,상계1동,29,1.0,13791.0,22.81
173,노원구,상계2동,19405,3325,11074,6042,3122902,0.0831229064674053,0.15542385982994072,0.24498840505024477,0.18953877866529245,상계2동,26,1.0,6041.0,14.85
174,노원구,상계3.4동,27469,1849,4821,9292,2644186,0.07586734136663148,0.11270887181914158,0.24966325676216827,0.2379045469438276,상계3·4동,18,0.0,8062.0,21.83
175,노원구,상계5동,23222,2755,6516,7347,2481440,0.07501507191456377,0.12785289811385755,0.24468176728963914,0.2316337955387133,상계5동,29,1.0,5909.0,15.72
176,노원구,상계6.7동,31717,2685,18222,13648,3152836,0.08525396475076458,0.12904751395150865,0.3041586530882492,0.17094933316517955,상계6·7동,30,0.0,8976.0,19.79
177,노원구,상계8동,21919,824,1943,9090,3153561,0.08020438888635431,0.11017838405036726,0.38103928098909623,0.14430402846845203,상계8동,13,1.0,6503.0,34.52
178,노원구,상계9동,19800,1036,2848,8260,2955988,0.08828282828282828,0.12232323232323232,0.2881818181818182,0.19414141414141414,상계9동,19,0.0,5793.0,18.28
179,동작구,상도1동,46534,2616,9396,14737,3875896,0.07351613873726738,0.2526969527657197,0.25875703786478704,0.1641380495981433,상도1동,44,2.0,12452.0,15.12
180,동작구,상도2동,27875,1855,5790,9039,3826699,0.07339910313901345,0.14913004484304931,0.3235874439461883,0.16114798206278028,상도2동,36,1.0,8192.0,15.69
181,동작구,상도3동,24374,1613,3766,7246,2575897,0.058751128251415444,0.17342249938459015,0.29798145564946255,0.19660293755641256,상도3동,33,0.0,5688.0,7.4
182,동작구,상도4동,28194,1614,3516,8275,2563258,0.06302759452365751,0.15400439809888627,0.30577427821522307,0.19582180605802654,상도4동,33,0.0,6879.0,14.9
183,중랑구,상봉1동,23455,1952,6705,7937,2969913,0.0755062886378171,0.12862929013003624,0.2885525474312513,0.1800895331485824,상봉1동,13,2.0,8059.0,18.43
184,중랑구,상봉2동,20673,3344,9431,6146,2575432,0.032602912010835386,0.20427610893435882,0.35471387800512744,0.1535819668166207,상봉2동,18,1.0,5353.0,19.84
185,마포구,상암동,30487,4109,51381,9956,4158486,0.1267425460032145,0.14078131662675894,0.29661823072129107,0.1445206153442451,상암동,96,2.0,11290.0,21.58
186,강동구,상일동,51284,2154,21013,10472,3690212,0.1197351060590683,0.0885770831218918,0.3363442606312798,0.12975743428397443,상일동,58,0.0,11210.0,17.24
187,마포구,서강동,25371,2846,10812,8454,4339738,0.11438679245283019,0.1324966307277628,0.2929582210242588,0.1645047169811321,서강동,63,2.0,7664.0,17.14
188,마포구,서교동,26369,13024,61160,9189,3212258,0.06873989988569627,0.206574435378976,0.31583303772023175,0.13436600843482716,서교동,79,5.0,8441.0,15.28
189,관악구,서림동,24598,1644,3444,5152,2530625,0.043422200310971215,0.2839318897189882,0.3510940877545603,0.12806704842807842,서림동,23,1.0,5487.0,17.53
190,용산구,서빙고동,13357,777,6126,4268,4208562,0.04394666233027075,0.258232376615985,0.33193755589885354,0.1546467192454671,서빙고동,24,1.0,4710.0,20.91
191,관악구,서원동,23770,1911,8436,5454,2412001,0.11125252676499214,0.12278206184023359,0.29744703151905366,0.16313543460357866,서원동,21,2.0,5087.0,13.28
192,서초구,서초1동,20526,5686,42507,6735,4769119,0.03306689103912495,0.28990323937736645,0.3317627261253681,0.14568784181741692,서초1동,35,1.0,17110.0,16.56
193,서초구,서초2동,26451,8772,71566,6901,5196131,0.09256552664912794,0.13612004287245444,0.3403975445776089,0.15731267660528112,서초2동,45,2.0,10137.0,15.51
194,서초구,서초3동,32381,12046,84922,10040,4678950,0.09137650750444218,0.1407508222751503,0.3760916411477827,0.12853956372159842,서초3동,74,3.0,15218.0,15.65
195,서초구,서초4동,30554,4302,31706,9224,6475383,0.08471016954386831,0.16454093449862572,0.3200642351996541,0.15876594299126032,서초4동,42,0.0,11805.0,16.23
196,성북구,석관동,34940,3072,8770,10472,2864182,0.13602147018393665,0.11317667081233226,0.29812790469332984,0.1455455914119264,석관동,29,2.0,9752.0,20.18
197,송파구,석촌동,31530,4113,17243,12091,2927911,0.05961648540354894,0.14522037779049798,0.27421293646250716,0.21983400114481969,석촌동,19,3.0,9893.0,17.97
198,강동구,성내1동,19658,3082,17417,6767,3438376,0.052457976530288615,0.16416111639708214,0.37129717729146844,0.1549952426260704,성내1동,21,1.0,8309.0,15.47
199,강동구,성내2동,23620,2617,7288,6199,2824592,0.08271441652253536,0.12829382439719197,0.32159934886560176,0.1686336351612575,성내2동,18,2.0,6408.0,19.32
200,강동구,성내3동,22798,3220,9494,6685,2897346,0.04521591871295512,0.1606689246401355,0.3168501270110076,0.19868755292125317,성내3동,15,0.0,6976.0,15.27
201,성북구,성북동,16606,1790,6288,5605,3470748,0.06689183261689621,0.14834634617071674,0.29892973067812967,0.18716554083691553,성북동,46,0.0,4781.0,19.49
202,마포구,성산1동,18971,2506,11135,6662,2814646,0.06738528242803805,0.162290738287366,0.3001927014332169,0.18818499337588823,성산1동,26,0.0,6287.0,18.14
203,마포구,성산2동,39141,3376,13659,13092,3521472,0.06868378050708977,0.16546307522007275,0.3380422750513942,0.16541036318591534,성산2동,40,2.0,11442.0,19.37
204,성동구,성수1가1동,15812,2982,14473,4897,3870717,0.07646713165223168,0.1725045348866917,0.3199713855036918,0.1674714493753353,성수1가1동,32,1.0,10397.0,25.6
205,성동구,성수1가2동,12221,4784,26199,3689,3263294,0.058879332152795345,0.1453959018466987,0.31767012395648875,0.15406020743738932,성수1가2동,12,1.0,6759.0,20.7
206,성동구,성수2가1동,15131,3557,20402,4288,2900762,0.06316995335897226,0.14900580967187627,0.3412159397757958,0.16717126258080353,성수2가1동,30,0.0,7981.0,21.99
207,성동구,성수2가3동,10365,8853,63385,2944,3358391,0.04943493490185712,0.1310554490780517,0.2961469830150023,0.19873108188487212,성수2가3동,21,1.0,6981.0,14.56
208,관악구,성현동,28582,1328,3238,10578,3455108,0.04794983116256633,0.17115291847563918,0.31423058369512785,0.18157260009647852,성현동,29,0.0,8323.0,15.65
209,강남구,세곡동,45828,2466,9881,12596,3885403,0.09261073402840948,0.12952207683157232,0.2790567490028689,0.19907634175355118,세곡동,66,0.0,19244.0,19.16
210,중구,소공동,3512,5107,64308,685,5380521,0.11095836606441477,0.11813738325914289,0.33163131709871696,0.15767652963253906,소공동,36,3.0,4174.0,15.41
211,성동구,송정동,10221,1005,2879,2331,2566462,0.08485193621867881,0.0953872437357631,0.4444760820045558,0.0953872437357631,송정동,13,0.0,2781.0,23.13
212,강북구,송중동,29486,3022,8752,8803,2555447,0.050386459250562565,0.15771450934350847,0.29537227277174444,0.1867723314744154,송중동,57,0.0,6999.0,15.6
213,강북구,송천동,25397,2658,7730,7165,2444557,0.06464084650342536,0.13962558502340094,0.27670759004273215,0.21542426914467883,송천동,18,1.0,5809.0,15.71
214,송파구,송파1동,23805,3406,16572,9335,3129216,0.054179627515060835,0.12568413592156555,0.24703705162027012,0.2541245028940426,송파1동,14,0.0,7725.0,15.8
215,송파구,송파2동,18733,1257,3951,6583,4370970,0.048687250577609746,0.175215290905272,0.3723167401806343,0.15458937198067632,송파2동,12,0.0,6712.0,16.94
216,구로구,수궁동,23141,1801,6447,8840,2682295,0.09405861314258261,0.12678161533123364,0.3028345700101425,0.16788554956493887,수궁동,41,2.0,8144.0,16.81
217,은평구,수색동,19225,791,2760,3114,3253972,0.07795687308240785,0.11602782939371678,0.2829177650058338,0.21325785402532302,수색동,18,3.0,4695.0,15.15
218,강남구,수서동,14217,2229,18865,7246,3847379,0.07074122236671002,0.12405721716514954,0.31843953185955787,0.15448634590377114,수서동,18,2.0,5209.0,21.86
219,강북구,수유1동,20344,2031,5815,6781,2220463,0.03552085531406063,0.08166279805866217,0.248716325525779,0.3584441161989168,수유1동,39,1.0,5595.0,16.1
220,강북구,수유2동,20836,1828,4637,7243,2577008,0.06163979551710578,0.14746362563900905,0.2652379079826976,0.22960086511993708,수유2동,13,1.0,5368.0,15.06
221,강북구,수유3동,23920,3235,9873,5962,2205999,0.05999232098291419,0.12948742560952198,0.24913611057784604,0.2518237665578806,수유3동,24,0.0,4999.0,15.83
222,종로구,숭인1동,6102,736,1897,1588,2868519,0.04694816053511706,0.200752508361204,0.268938127090301,0.20785953177257524,숭인1동,12,1.0,1477.0,16.75
223,종로구,숭인2동,10540,2267,6053,3358,2607311,0.05719436250409702,0.13470993117010815,0.283677482792527,0.20894788593903638,숭인2동,8,0.0,2185.0,13.73
224,금천구,시흥1동,33883,4103,15341,10181,2757307,0.03206831119544592,0.2723908918406072,0.2821631878557875,0.1666034155597723,시흥1동,42,1.0,11891.0,16.11
225,금천구,시흥2동,20705,1090,2778,7981,3181421,0.06088599002449606,0.13298704365020808,0.2894666942124369,0.1994215388247794,시흥2동,20,0.0,7155.0,18.27
226,금천구,시흥3동,10457,3839,9592,4077,2516251,0.09659502535619416,0.10268051195363438,0.2580536102390727,0.21588988167109394,시흥3동,16,0.0,4388.0,30.17
227,금천구,시흥4동,20253,1171,2350,5976,2405620,0.059481686908291094,0.11504255522616429,0.25714832169838386,0.24165630678014727,시흥4동,25,0.0,6283.0,16.38
228,금천구,시흥5동,18824,1517,3732,5507,2375052,0.06522490495235274,0.11869846442502345,0.25487582086604454,0.22683059299856811,시흥5동,35,0.0,5395.0,16.13
229,영등포구,신길1동,20641,1492,4556,4280,2780044,0.06422651933701658,0.11357841053973651,0.24856566085847853,0.2477688057798555,신길1동,21,1.0,4941.0,18.56
230,영등포구,신길3동,17083,1274,2701,4739,3085442,0.04452303667457972,0.18124121893319123,0.3136960418584371,0.18148345525895063,신길3동,25,0.0,4931.0,14.43
231,영등포구,신길4동,12980,620,1455,3725,2717791,0.06322074577064918,0.11766083240648598,0.2939179301059533,0.19914534917754492,신길4동,13,0.0,3731.0,15.32
232,영등포구,신길5동,11021,721,2192,2301,2656511,0.06587057010785824,0.11147919876733436,0.29938366718027737,0.19768875192604007,신길5동,21,0.0,3400.0,15.72
233,영등포구,신길6동,18507,1659,5235,5043,2954616,0.0702295617457581,0.10135196443153979,0.2889937392251157,0.20234098539152526,신길6동,23,2.0,5281.0,15.49
234,영등포구,신길7동,20044,996,3511,6690,3616070,0.06067974280002161,0.1543740206408386,0.30080510077268063,0.18733452207272924,신길7동,32,3.0,6702.0,15.95
235,중랑구,신내1동,38247,3257,15420,12959,2780491,0.08970265416084613,0.12297944522051486,0.337357812811814,0.13959289562961485,신내1동,53,1.0,12815.0,25.44
236,중랑구,신내2동,19906,1556,7186,8440,3060535,0.10081836483907235,0.11386513974952284,0.271786022433132,0.197819436818574,신내2동,19,0.0,6891.0,16.87
237,중구,신당5동,10472,1552,4149,3376,3027979,0.07500251180548578,0.109916608057872,0.2797648950065307,0.22490706319702602,신당5동,8,1.0,2990.0,13.23
238,중구,신당동,8921,12136,23988,2526,2816850,0.0492742551566081,0.1556531703590527,0.31283422459893045,0.18477845683728036,신당동,8,2.0,3376.0,13.86
239,동작구,신대방1동,25123,1453,3806,6538,3845094,0.03194709113328102,0.22284497253671112,0.3028808429548257,0.17217800694989352,신대방1동,14,0.0,7495.0,15.55
240,동작구,신대방2동,22383,1810,18775,5520,3340157,0.09162918441268957,0.13919515981371652,0.2910878477888787,0.17036181984635593,신대방2동,28,2.0,6373.0,16.54
241,구로구,신도림동,36089,3711,15112,11124,4380318,0.08041817450743868,0.16610820712147611,0.3271232631908145,0.158200419961578,신도림동,41,3.0,12771.0,19.63
242,관악구,신림동,24037,2385,6024,4242,2434279,0.0981739588240184,0.11657291695530494,0.3446479536700934,0.14414364487794065,신림동,17,1.0,4578.0,14.5
243,은평구,신사1동,26761,1986,5162,9417,2637581,0.020010816657652784,0.39551524732703747,0.3741315471980696,0.08557640304530516,신사1동,24,1.0,8015.0,17.19
244,은평구,신사2동,19153,2060,4261,6580,2635300,0.06812152012256642,0.13609356899966368,0.29195471021262287,0.20428982474496468,신사2동,31,1.0,6210.0,15.02
245,관악구,신사동,24630,6143,28917,4211,5099915,0.07283454289145304,0.13078891035346943,0.2827233331592962,0.2117161802328617,신사동1,18,1.0,5117.0,14.59
246,강남구,신사동,15680,2088,4914,4948,2430662,0.04072269589930978,0.25611043442955744,0.3041412911084044,0.15379618351603735,신사동2,14,1.0,7748.0,18.69
247,마포구,신수동,22555,2337,7126,7508,4157605,0.0796275770339171,0.15468853912657948,0.31314564398137884,0.15428951452006207,신수동,24,0.0,7447.0,16.31
248,관악구,신원동,18547,1172,2777,3858,2403237,0.04059955787998059,0.24305817652450531,0.3065185744325228,0.1837493934329002,신원동,10,0.0,3312.0,15.78
249,양천구,신월1동,19852,2238,5875,6314,2227154,0.058331654241386255,0.11918194640338504,0.2697964940560145,0.2302035059439855,신월1동,9,0.0,8200.0,16.06
250,양천구,신월2동,21068,1622,4847,7374,2727225,0.08453578887412189,0.11757167267894438,0.29077273590279096,0.20538257072337193,신월2동,9,0.0,6770.0,15.65
251,양천구,신월3동,14603,1462,5259,4371,2152244,0.06457577210162295,0.12093405464630555,0.26720536875984385,0.22159830171882489,신월3동,11,0.0,5656.0,13.32
252,양천구,신월4동,17590,1605,3977,6145,2639083,0.08817509948834565,0.11193860147811256,0.28254690164866403,0.2083001705514497,신월4동,10,0.0,6426.0,18.1
253,양천구,신월5동,14233,1316,4437,4715,2615553,0.0815007377221949,0.13089299515211128,0.28834398932059296,0.19082414108058737,신월5동,13,0.0,4634.0,15.2
254,양천구,신월6동,13963,2061,3735,5099,2857257,0.09152760868008308,0.10320131776838788,0.331662250232758,0.15211630738380005,신월6동,12,0.0,6987.0,15.28
255,양천구,신월7동,18812,1777,5684,8547,2343943,0.057569636402296405,0.11492664256857325,0.2678609398256432,0.24516266213055496,신월7동,19,0.0,6258.0,19.85
256,양천구,신정1동,19819,1582,6150,6041,5046256,0.1462737776880771,0.10555527524093042,0.28447449417225895,0.14899843584439174,신정1동,28,0.0,8242.0,15.89
257,양천구,신정2동,18971,1560,4330,6119,4725315,0.15597490907174108,0.11417426598492436,0.2702018870908228,0.15117811396341785,신정2동,14,0.0,6277.0,15.01
258,양천구,신정3동,50151,3433,10739,15440,3158844,0.10765488225558813,0.12121393391956292,0.28043309206197287,0.16847121692488684,신정3동,60,1.0,16268.0,15.81
259,양천구,신정4동,32653,4593,17802,10151,2609700,0.06327136863381619,0.15732091997672495,0.29942118641472454,0.19535724129482743,신정4동,18,1.0,9028.0,15.07
260,양천구,신정6동,23933,1044,6577,7214,5384412,0.14849788994275687,0.1106004261897798,0.2896001337065976,0.13211883173860361,신정6동,19,0.0,8833.0,15.39
261,양천구,신정7동,28492,1555,5264,10861,4094404,0.11487435069493192,0.1056436894566896,0.26874210304646917,0.19433525200056156,신정7동,27,1.0,9145.0,17.23
262,서대문구,신촌동,26777,5275,34964,5570,3331768,0.04653247189752399,0.5070769690405945,0.24140120252455466,0.08115173469768831,신촌동,47,2.0,3881.0,17.52
263,도봉구,쌍문1동,21098,1457,4787,7530,2440535,0.07010143141530002,0.14072423926438524,0.25068726893544413,0.23281827661389706,쌍문1동,44,0.0,6407.0,17.42
264,도봉구,쌍문2동,18139,1680,5781,6473,2430154,0.06395060367164673,0.12222283477589724,0.270136170681956,0.2309939908484481,쌍문2동,15,0.0,4939.0,14.28
265,도봉구,쌍문3동,16707,1307,4323,5022,2438072,0.05626384150356138,0.15065541389836595,0.2796432633028072,0.2161968037349614,쌍문3동,15,0.0,3916.0,16.02
266,도봉구,쌍문4동,18211,907,2236,6835,2968285,0.09955521388171984,0.12289275712481468,0.2663225523035528,0.18878699687002362,쌍문4동,17,0.0,5445.0,17.2
267,마포구,아현동,29038,2417,13499,9091,5237419,0.0704938356636132,0.11571044837798747,0.37499139059163855,0.1266960534472071,아현동,17,2.0,8421.0,18.27
268,성북구,안암동,17439,1927,14353,4022,2896471,0.05527839899076782,0.4212397499856643,0.2162394632719766,0.12449108320431218,안암동,31,1.0,3092.0,16.5
269,강동구,암사1동,34189,2733,6272,10089,2852157,0.06946678756325134,0.1283161250694668,0.2980490801134868,0.19216707128023633,암사1동,13,0.0,10427.0,15.6
270,강동구,암사2동,14963,1200,3806,5214,3688535,0.06696518077925549,0.11835861792421305,0.33676401791084676,0.17496491345318452,암사2동,6,1.0,5015.0,29.76
271,강동구,암사3동,17380,1132,2626,5583,4470889,0.11087456846950518,0.10316455696202531,0.3043728423475259,0.16737629459148445,암사3동,11,0.0,6304.0,21.89
272,강남구,압구정동,25752,5978,36485,8856,5808537,0.10461323392357876,0.10927306616961789,0.2768716992854924,0.20879931655793724,압구정동,23,2.0,12258.0,17.91
273,중구,약수동,16433,1210,4519,6584,3894878,0.05561978944806183,0.11099616625083673,0.28187184324225645,0.25132355625874764,약수동,12,2.0,4730.0,16.01
274,서초구,양재1동,42482,5646,47376,14561,4173236,0.1044442352054988,0.11317734569935502,0.31290899675156536,0.1781460383221129,양재1동,73,1.0,20923.0,21.37
275,서초구,양재2동,21604,7927,51408,6842,3222382,0.06720977596741344,0.1515460099981485,0.356091464543603,0.14807443066098872,양재2동,50,1.0,12982.0,22.53
276,영등포구,양평1동,18477,4862,25006,4229,3508250,0.0543919467446014,0.16609839259620068,0.41402825133950316,0.1338420739297505,양평1동,22,1.0,9745.0,16.84
277,영등포구,양평2동,22725,3692,23744,7115,3672088,0.062134213421342135,0.1662926292629263,0.3902310231023102,0.12316831683168317,양평2동,31,1.0,11895.0,25.8
278,영등포구,여의동,33297,15940,192014,10202,5590853,0.0896176832747695,0.10829804486890711,0.3055230200919002,0.19680451692344655,여의동,63,6.0,20629.0,18.01
279,강남구,역삼1동,35509,22326,176153,11995,3607265,0.03984905235292461,0.20741220535638852,0.45585626179278493,0.10656453293531218,역삼1동,47,7.0,21032.0,12.65
280,강남구,역삼2동,37126,6033,45149,11862,5367397,0.1573560308139848,0.12263642730162151,0.3561385551904326,0.10609815223832354,역삼2동,26,0.0,15266.0,14.28
281,은평구,역촌동,44429,3716,9380,14882,2521877,0.07013437169416373,0.13500191316482477,0.29111616286659614,0.2045735893222895,역촌동,50,0.0,12134.0,17.36
282,마포구,연남동,15229,3103,8438,5648,2980162,0.047869196926915755,0.2153128898811478,0.3513690984306258,0.16186223652242432,연남동,21,0.0,4080.0,15.02
283,서대문구,연희동,37274,3420,13243,11675,3383749,0.061463754896174276,0.23898696142082954,0.2878145624295756,0.16979664109030423,연희동,57,0.0,9990.0,18.81
284,마포구,염리동,17693,1106,5256,3186,4051438,0.09647883343695246,0.16232408297066636,0.34640818402758156,0.12112134742553553,염리동,9,0.0,5236.0,17.14
285,강서구,염창동,41471,3097,16227,13248,4127504,0.10518193436377228,0.13054905837814376,0.3542475464782619,0.11644281546140677,염창동,36,0.0,15499.0,20.45
286,영등포구,영등포동,31338,14943,41886,7586,3570107,0.027027889463271428,0.26479035037334864,0.39712170527793733,0.11302571957368052,영등포동,49,2.0,10571.0,16.81
287,영등포구,영등포본동,22651,1924,6381,6404,3286751,0.05191823760540373,0.1292658160787603,0.2917310494017924,0.20087413359233589,영등포본동,20,1.0,6261.0,16.46
288,송파구,오금동,37799,3613,19900,12963,3510674,0.07886452022540279,0.1258498902087357,0.28162120691023573,0.18952882351384956,오금동,38,1.0,13805.0,15.41
289,구로구,오류1동,23432,1733,5168,6927,2574851,0.04784055991806077,0.18082109935131443,0.3352253328781154,0.1853448275862069,오류1동,14,1.0,6882.0,20.39
290,구로구,오류2동,38189,2420,8474,13985,2781178,0.10492550210793684,0.11165518866689361,0.2854486894131818,0.20270234884390792,오류2동,58,1.0,14046.0,16.12
291,송파구,오륜동,17870,728,4992,5543,6095160,0.14224958030218243,0.10828203693340795,0.26194739787353105,0.17946278679350866,오륜동,24,3.0,6680.0,13.44
292,성동구,옥수동,25698,1506,4717,9899,4836487,0.06377928243443069,0.09708926764728773,0.35430772822787765,0.17125846369367265,옥수동,40,2.0,8857.0,17.4
293,성동구,왕십리2동,16508,1232,2948,5060,3474994,0.06505936515628787,0.14338502544220985,0.3186333898715774,0.16555609401502303,왕십리2동,14,1.0,4485.0,17.01
294,성동구,왕십리도선동,26830,3234,11495,8480,4015131,0.061721953037644425,0.15941110696980992,0.3186358553857622,0.15128587402161758,왕십리도선동,26,0.0,8066.0,15.35
295,마포구,용강동,21690,4088,23581,7309,4787212,0.1000461041954818,0.09617335177501153,0.3644997694790226,0.14310742277547256,용강동,23,1.0,9488.0,23.33
296,성동구,용답동,12915,2497,12834,2504,2484354,0.04529616724738676,0.24258614014711577,0.278358497870693,0.17692605497483546,용답동,11,3.0,7795.0,18.77
297,용산구,용문동,11577,963,2159,4231,3568910,0.056404940830957935,0.1439923987216032,0.30837004405286345,0.19469638075494514,용문동,17,2.0,3368.0,12.95
298,용산구,용산2가동,10229,844,2129,3243,2540319,0.04878287222602405,0.16081728419200314,0.34206667318408446,0.2048098543357122,용산2가동,27,1.0,2124.0,17.51
299,동대문구,용신동,40016,6982,30470,8495,2894254,0.04918032786885246,0.1957716913234706,0.3245951619352259,0.1636345461815274,용신동,38,5.0,10209.0,17.47
300,강북구,우이동,20118,1557,5515,7122,2457144,0.0629287205487623,0.1175564171388806,0.2562879013818471,0.2525101898797097,우이동,34,3.0,5875.0,20.06
301,강서구,우장산동,44041,2508,7147,13395,4135674,0.1243613905224677,0.11968393088258668,0.3097795236257124,0.1477486887218728,우장산동,28,1.0,13841.0,16.34
302,용산구,원효로1동,17837,2634,12179,5251,4450695,0.05690418792397825,0.1674048326512306,0.40371138644390875,0.11896619386668161,원효로1동,23,0.0,6336.0,15.87
303,용산구,원효로2동,13792,1564,7229,4631,3817026,0.07359338747099768,0.14131380510440836,0.31337006960556846,0.17727668213457076,원효로2동,23,0.0,5039.0,20.94
304,노원구,월계1동,21384,1921,6647,7568,2777397,0.07332585110362888,0.19234006734006734,0.25121586232697346,0.20613542835765059,월계1동,44,0.0,6728.0,17.44
305,노원구,월계2동,25745,1436,3961,11477,2728093,0.0743833754127015,0.10883666731404155,0.2600504952417945,0.24280442804428043,월계2동,40,1.0,7806.0,19.47
306,노원구,월계3동,28989,1536,4525,12688,3110675,0.06633550657145813,0.11200800303563421,0.2936976094380627,0.2264307150988306,월계3동,24,1.0,8861.0,21.09
307,성북구,월곡1동,25909,1841,5848,8267,3294213,0.09494770157088271,0.11177583079238874,0.2893589100312633,0.1958392836466093,월곡1동,21,0.0,7481.0,15.29
308,성북구,월곡2동,19652,2162,11083,5672,3138026,0.07302055770405048,0.19341542845511908,0.2695399959291675,0.19438225117036434,월곡2동,27,2.0,5277.0,20.8
309,송파구,위례동,44922,1264,5146,9962,4202887,0.13670361960731936,0.09478651885490405,0.361604559013401,0.0843462000801389,위례동,58,0.0,15102.0,18.42
310,관악구,은천동,33014,2434,7925,10519,3063077,0.07814866420306536,0.15917489549887925,0.30387108499424487,0.1898588477615557,은천동,42,0.0,8686.0,14.37
311,중구,을지로동,3206,9784,31528,422,3082514,0.024329382407985028,0.16063630692451653,0.42420461634435436,0.15470991890205865,을지로동,17,4.0,1610.0,15.24
312,성동구,응봉동,15042,682,1162,5322,3858472,0.10105039223507513,0.11182023667065549,0.31205956654700173,0.17464432921154102,응봉동,33,1.0,4547.0,18.35
313,은평구,응암1동,33075,2605,8853,7341,2726133,0.08,0.13027966742252456,0.3291912320483749,0.16967498110355253,응암1동,23,0.0,9505.0,15.96
314,은평구,응암2동,27782,1284,3096,9263,3510245,0.09304585702973148,0.09016629472320208,0.35850550716291124,0.15470448491829242,응암2동,35,0.0,8786.0,15.39
315,은평구,응암3동,23916,2467,6002,6999,2360910,0.054524167921057035,0.1437113229637063,0.270613815019234,0.24627864191336343,응암3동,25,0.0,5715.0,15.3
316,동대문구,이문1동,21364,1641,6654,4948,3000929,0.062441490357610936,0.3654278225051488,0.21494102228047182,0.15409099419584346,이문1동,27,1.0,4081.0,16.9
317,동대문구,이문2동,19988,1049,2385,6280,3137841,0.08089853912347408,0.14773864318591154,0.2630578347008205,0.21267760656393836,이문2동,10,1.0,5343.0,16.95
318,용산구,이촌1동,25578,1387,4107,9540,5974291,0.10626319493314568,0.10043787629994527,0.2882555320978966,0.17397763703182423,이촌1동,21,0.0,8907.0,18.68
319,용산구,이촌2동,7997,558,1183,3415,3596083,0.058646992622233336,0.1025384519194698,0.3076153557584094,0.2278354382893585,이촌2동,11,0.0,2709.0,22.03
320,용산구,이태원1동,7890,1871,6544,2198,3682946,0.04334600760456274,0.17249683143219266,0.35538656527249685,0.17541191381495563,이태원1동,15,1.0,2310.0,17.05
321,용산구,이태원2동,10263,1285,3282,3058,3261019,0.05417519243885803,0.143817597193803,0.36100555393159894,0.1844489915229465,이태원2동,21,0.0,2528.0,18.77
322,종로구,이화동,7566,1673,17365,2624,3024996,0.04493787998942638,0.25257731958762886,0.28720592122653976,0.18398096748612214,이화동,20,1.0,1714.0,13.56
323,강북구,인수동,29501,2226,6650,10128,2359990,0.06660791159621708,0.12280939629165114,0.25253381241313855,0.25226263516490965,인수동,49,0.0,7514.0,15.37
324,관악구,인헌동,25948,1609,4684,6849,2783693,0.05221982426391244,0.2320795437027902,0.3214120548789888,0.1623631879142901,인헌동,23,1.0,5909.0,14.95
325,강남구,일원1동,14806,1708,6381,4792,3022931,0.06794542752937999,0.13454005133054167,0.2875861137376739,0.23652573281102257,일원1동,15,0.0,4607.0,20.48
326,강남구,일원본동,22876,732,10021,7280,5444886,0.14294457072914846,0.09901206504633678,0.3009267354432593,0.15396048260185347,일원본동,27,1.0,8307.0,17.3
327,광진구,자양1동,22840,2303,9645,5398,2745988,0.06387915936952715,0.18152364273204905,0.3169877408056042,0.1674693520140105,자양1동,13,0.0,7654.0,14.82
328,광진구,자양2동,23995,2196,7033,7066,2999213,0.07101479474890603,0.13686184621796207,0.3080641800375078,0.18003750781412795,자양2동,14,0.0,8278.0,28.14
329,광진구,자양3동,27567,1922,7600,8582,4353416,0.08829397467987087,0.12866833532847244,0.29832771066855296,0.16915152174701636,자양3동,19,0.0,9386.0,20.43
330,광진구,자양4동,23303,2197,6234,4613,2795134,0.04454362099300519,0.19160623095738746,0.29107840192249923,0.17856070033901214,자양4동,12,1.0,5139.0,29.6
331,송파구,잠실2동,35016,1137,4639,11241,6352641,0.16709504226639252,0.09529929175234178,0.3251941969385424,0.1140335846470185,잠실2동,7,1.0,12195.0,23.65
332,송파구,잠실3동,34047,2115,8502,11046,5452682,0.11930566569741828,0.10394454724351632,0.2860163891091726,0.18398096748612214,잠실3동,26,0.0,12045.0,19.41
333,송파구,잠실4동,21242,633,1906,6866,6007987,0.1247528481310611,0.08709161095942002,0.32482817060540436,0.1469259015158648,잠실4동,9,2.0,10216.0,15.82
334,송파구,잠실6동,16631,3492,55275,5372,5237775,0.10384222235584151,0.1064878840719139,0.29198484757380794,0.18874391197161927,잠실6동,15,2.0,12281.0,22.73
335,송파구,잠실7동,9446,335,1259,3198,6014516,0.09559601947914462,0.118568706330722,0.2326910861740419,0.24433622697438068,잠실7동,4,2.0,3642.0,16.16
336,송파구,잠실본동,28233,4300,21755,9583,3079387,0.05376686855807034,0.17950625154960506,0.3748804590372968,0.1433428966103496,잠실본동,13,1.0,8851.0,16.59
337,서초구,잠원동,26982,3812,20974,11494,5458458,0.1259728708027574,0.12508338892595064,0.3087613964865466,0.13338521977614706,잠원동,24,1.0,9994.0,20.14
338,동대문구,장안1동,38147,6654,22326,11799,2863708,0.06708260151519123,0.13356227226256323,0.323223320313524,0.18499488819566415,장안1동,27,0.0,12984.0,18.68
339,동대문구,장안2동,32859,3956,12725,9852,2920490,0.08700812562768191,0.11515870842082838,0.3218600687787212,0.17273806263124258,장안2동,33,0.0,10665.0,15.65
340,성북구,장위1동,23708,1532,3104,6134,2231978,0.07415218491648388,0.1318542264214611,0.2875400708621562,0.18272313143242788,장위1동,33,0.0,6535.0,14.71
341,성북구,장위2동,13482,1538,3865,4120,2411293,0.058893339267171045,0.1375166889185581,0.2650200267022697,0.23891114078029965,장위2동,27,1.0,3290.0,14.98
342,성북구,장위3동,15800,877,2429,6078,3113825,0.08430379746835442,0.1261392405063291,0.3169620253164557,0.14474683544303799,장위3동,36,0.0,5084.0,14.84
343,송파구,장지동,28786,1968,9283,11732,3263464,0.08340860140346001,0.12460918502049607,0.3103592023900507,0.16869311470853887,장지동,43,1.0,10964.0,19.38
344,중구,장충동,5440,1041,9357,2433,2895026,0.05827205882352941,0.3251838235294118,0.2551470588235294,0.16341911764705883,장충동,13,1.0,1304.0,13.76
345,동대문구,전농1동,31659,3020,7638,8308,3070695,0.06317318929846173,0.15910167724817587,0.2833949271928993,0.19109889762784674,전농1동,31,2.0,7491.0,16.51
346,동대문구,전농2동,18556,1358,5460,6437,3136080,0.08644104332830352,0.12249407199827549,0.2683229144212115,0.21076740676870015,전농2동,12,0.0,5449.0,15.29
347,성북구,정릉1동,18070,1275,2752,5856,3341356,0.09308245711123408,0.12767017155506363,0.2971776425013835,0.18123962368566685,정릉1동,16,1.0,6152.0,14.1
348,성북구,정릉2동,22874,1422,3344,8211,2934717,0.07134738130628661,0.1396345195418379,0.27358573052373875,0.21028241671767073,정릉2동,46,0.0,6441.0,14.8
349,성북구,정릉3동,16742,1042,5404,5359,2482564,0.06420977183132243,0.27786405447377854,0.21837295424680445,0.20666587026639588,정릉3동,32,0.0,3615.0,22.63
350,성북구,정릉4동,24624,1524,5018,8993,3038165,0.08264294996751137,0.13649285250162443,0.2678687459389214,0.20971410006497726,정릉4동,34,1.0,7238.0,18.0
351,동대문구,제기동,25808,5355,13094,7896,2792227,0.05343304401735896,0.23690328580285183,0.23442343459392437,0.22423279603223806,제기동,27,1.0,6448.0,16.12
352,관악구,조원동,21013,2707,7336,4180,2523192,0.041069813924713275,0.2199114833674392,0.34226431256841006,0.15371436729643553,조원동,26,0.0,4995.0,15.23
353,종로구,종로1.2.3.4가동,8648,17286,107067,1652,3245251,0.0540009250693802,0.14939870490286772,0.29740980573543013,0.2080249768732655,종로1·2·3·4가동,68,0.0,6317.0,15.91
354,종로구,종로5.6가동,5916,7972,22872,1319,2531450,0.043441514536849225,0.24611223799864773,0.27011494252873564,0.18204868154158216,종로5·6가동,18,0.0,1749.0,15.1
355,성북구,종암동,39799,2858,8433,12235,3381883,0.09032890273624966,0.17176310962587,0.27038367798185886,0.18098444684539813,종암동,59,0.0,10601.0,21.11
356,노원구,중계1동,26419,1470,4522,8743,4623227,0.19943979711571216,0.1081040160490556,0.28914796169423523,0.10185851092017109,중계1동,18,0.0,8457.0,15.26
357,노원구,중계2.3동,32780,2047,5777,14301,2936682,0.08316046369737645,0.11287370347773032,0.2675411836485662,0.2391092129347163,중계2·3동,31,0.0,8493.0,16.75
358,노원구,중계4동,19284,1410,4285,7706,3196660,0.10065339141257,0.12321095208462975,0.24595519601742377,0.2203899605890894,중계4동,7,0.0,5719.0,16.12
359,노원구,중계본동,23125,1724,5840,8088,4197248,0.1818810810810811,0.12631351351351353,0.25954594594594593,0.11870270270270271,중계본동,18,0.0,7840.0,14.95
360,광진구,중곡1동,15640,2152,6363,3613,2542359,0.04411764705882353,0.18765984654731457,0.3277493606138107,0.17218670076726342,중곡1동,18,0.0,4771.0,23.89
361,광진구,중곡2동,20950,2350,7380,4986,2555101,0.061050119331742245,0.16310262529832936,0.3189021479713604,0.17026252983293555,중곡2동,17,0.0,5212.0,16.91
362,광진구,중곡3동,16032,1764,5019,3870,2390961,0.053393213572854294,0.14963822355289422,0.30726047904191617,0.18955838323353294,중곡3동,21,1.0,4020.0,21.92
363,광진구,중곡4동,28032,1707,4257,7366,2523958,0.06153681506849315,0.14390696347031964,0.2785388127853881,0.1991652397260274,중곡4동,34,0.0,7429.0,16.39
364,중구,중림동,12372,1340,9166,4324,4435938,0.059004203039120594,0.10903653410927902,0.34384093113482056,0.18105399288716456,중림동,11,0.0,3822.0,14.21
365,관악구,중앙동,15691,1658,6950,3591,2633493,0.03530686380727806,0.29520107067745843,0.32031100630934933,0.1585622331272704,중앙동,14,0.0,2983.0,12.44
366,중랑구,중화1동,19068,1565,4476,5691,2518956,0.06167400881057269,0.12623243129851058,0.3002936857562408,0.20956576463184393,중화1동,14,0.0,5571.0,17.59
367,중랑구,중화2동,24417,2584,7044,6553,2253552,0.04169226358684523,0.139492976205103,0.2815661219642053,0.21898677151165172,중화2동,28,2.0,6185.0,19.9
368,은평구,증산동,18523,1345,4363,4864,2838450,0.07444798358797171,0.12973060519354315,0.286940560384387,0.199967607838903,증산동,11,1.0,5125.0,21.85
369,은평구,진관동,54718,3137,13270,17146,4070863,0.130304470192624,0.12361562922621441,0.2844584962900691,0.16524726780949597,진관동,71,1.0,17867.0,19.76
370,도봉구,창1동,24281,2141,4381,9024,3038009,0.07944483340883819,0.12553024998970388,0.28285490712903094,0.2076108891726041,창1동,21,2.0,8208.0,16.37
371,도봉구,창2동,28577,2020,4978,8798,2551630,0.07201595688840676,0.13510865381250656,0.2833397487489939,0.1987262483815656,창2동,25,0.0,8164.0,16.31
372,도봉구,창3동,13389,1241,2511,3977,2229423,0.07020688624990663,0.11404884606766749,0.2623048771379491,0.23302711180820077,창3동,14,0.0,3646.0,17.09
373,도봉구,창4동,26124,1861,7981,10132,3547959,0.09041494411269331,0.1286556423212372,0.2766421681212678,0.18098300413412954,창4동,37,1.0,8501.0,18.01
374,도봉구,창5동,24069,2547,7316,8681,3298026,0.07187668785574806,0.13498691262619966,0.27824172171673106,0.20075615937512983,창5동,18,1.0,7758.0,15.71
375,종로구,창신1동,5350,2686,6266,1589,2393308,0.036822429906542054,0.16878504672897196,0.24897196261682242,0.2285981308411215,창신1동,8,2.0,1197.0,14.88
376,종로구,창신2동,8641,1062,2192,2466,2112817,0.04166184469390117,0.17798865872005554,0.22740423562087722,0.2215021409559079,창신2동,1,0.0,1432.0,17.302452830188685
377,종로구,창신3동,6539,439,1128,2150,3006052,0.06453586175256155,0.1390120813580058,0.2732833766630983,0.19941887138706224,창신3동,6,1.0,1657.0,16.44
378,서대문구,천연동,16835,1131,3259,6081,4197718,0.07555687555687556,0.12046332046332046,0.2838134838134838,0.1994059994059994,천연동,37,1.0,4895.0,18.5
379,강동구,천호1동,26396,2331,5974,8035,2473111,0.05853159569631763,0.12732989846946507,0.2926958630095469,0.21567661766934385,천호1동,19,1.0,8730.0,13.56
380,강동구,천호2동,33613,4863,14840,9362,2749741,0.05009966382054562,0.1407788653199655,0.331508642489513,0.18894475351798412,천호2동,26,0.0,9412.0,21.15
381,강동구,천호3동,26672,2545,9343,7964,3165328,0.041654169166166766,0.16515446910617876,0.32708458308338334,0.1868626274745051,천호3동,12,0.0,7608.0,17.28
382,중구,청구동,13318,1244,4497,4928,3566241,0.05691545277068629,0.12877308905241028,0.29493918005706565,0.2188767082144466,청구동,5,0.0,3544.0,15.14
383,강남구,청담동,25085,7024,43117,9731,5010204,0.09025313932629062,0.13059597368945586,0.33155272074945186,0.15579031293601753,청담동,26,0.0,11873.0,17.6
384,동대문구,청량리동,19405,1909,8278,6209,2860315,0.050141716052563776,0.12939963926822984,0.23231125998454008,0.2878639525895388,청량리동,24,0.0,5086.0,18.42
385,관악구,청룡동,37042,2742,12505,7921,2768161,0.042141353058690136,0.3261163004157443,0.31237514173100805,0.13168835376059607,청룡동,17,2.0,7592.0,14.32
386,관악구,청림동,14908,729,1615,5263,3682775,0.07432251140327341,0.11269117252481889,0.3170780788838208,0.19513013147303462,청림동,8,0.0,4357.0,15.99
387,종로구,청운효자동,11539,1477,7888,4134,3780222,0.0960221856313372,0.1221076349770344,0.30349250368316144,0.18823121587659242,청운효자동,29,0.0,3584.0,16.4
388,용산구,청파동,19786,2186,9850,5636,2608804,0.05215809157990498,0.22920246639037703,0.29808955827352673,0.16683513595471547,청파동,24,0.0,4277.0,15.87
389,서대문구,충현동,20176,2995,23946,6573,3210231,0.06378865979381443,0.15647303727200634,0.3163659793814433,0.17614988104678828,충현동,43,3.0,7007.0,18.68
390,종로구,평창동,17635,1321,4321,5958,4504006,0.08687269634250071,0.11698327190246668,0.2636801814573292,0.20374255741423306,평창동,54,0.0,6629.0,18.53
391,송파구,풍납1동,12409,946,2522,3296,3011150,0.05810298976549279,0.10855024578934644,0.27665404142154887,0.23055846562978483,풍납1동,6,1.0,4284.0,26.56
392,송파구,풍납2동,24048,1772,16405,7608,3891704,0.07859281437125748,0.14412840984697273,0.3166999334664005,0.1736111111111111,풍납2동,25,0.0,7824.0,21.65
393,중구,필동,4858,3600,24470,1191,3033044,0.04610951008645533,0.27439275421984355,0.2764512144915603,0.18032111980238782,필동,10,2.0,2110.0,14.87
394,노원구,하계1동,26877,1615,8965,10466,3611061,0.11344272054172713,0.18257245972392752,0.22911783309149086,0.18041448078282546,하계1동,32,0.0,7494.0,15.97
395,노원구,하계2동,21432,778,1687,8160,3625940,0.1169746173945502,0.12294699514744308,0.2790220231429638,0.16550018663680477,하계2동,22,1.0,6220.0,22.75
396,용산구,한강로동,22811,6669,48562,6769,4948344,0.0529130682565429,0.14440401560650562,0.37139976327210555,0.14457936960238482,한강로동,41,6.0,12285.0,14.98
397,용산구,한남동,21237,3473,21250,8174,4381088,0.06460422846918115,0.11253943589019165,0.35894900409662384,0.17488345811555303,한남동,39,2.0,7488.0,17.51
398,마포구,합정동,16828,4019,13457,6319,3195027,0.04528167340147374,0.1884359400998336,0.36766104112193965,0.15979320180651296,합정동,30,2.0,6345.0,32.04
399,구로구,항동,16534,888,2816,6173,3007261,0.09035925970726987,0.08497641224144188,0.38986331196322727,0.11533809120599976,항동,31,0.0,3539.0,16.57
400,성동구,행당1동,13996,1578,9587,4990,3900841,0.07144898542440697,0.16633323806801945,0.3105172906544727,0.15997427836524722,행당1동,26,3.0,4222.0,15.14
401,성동구,행당2동,22970,1031,2412,8481,4408744,0.08127993034392686,0.11471484545058773,0.30796691336525905,0.17962559860687854,행당2동,25,1.0,6717.0,16.54
402,관악구,행운동,29595,2060,7295,7088,2889475,0.04298023314749113,0.2686602466632877,0.32684575097144786,0.15472208143267444,행운동,15,0.0,6251.0,14.54
403,종로구,혜화동,19491,2235,8819,5065,3333112,0.07408547534759632,0.3707865168539326,0.21948591657688163,0.13806372171771586,혜화동,37,0.0,3505.0,15.72
404,서대문구,홍은1동,22491,1479,3187,7308,3093859,0.06891645547107732,0.12160419723444933,0.2778000088924459,0.21292961629096083,홍은1동,32,0.0,7100.0,15.25
405,서대문구,홍은2동,29508,2077,6630,9267,2874442,0.07702995797749763,0.15683882336993357,0.28077131625321944,0.19042293615290767,홍은2동,71,0.0,7363.0,19.82
406,서대문구,홍제1동,25083,1548,5601,8022,3459117,0.07200095682334649,0.12634054937607145,0.29234939999202647,0.20025515289239723,홍제1동,22,2.0,6553.0,19.13
407,서대문구,홍제2동,13313,829,2259,4993,3664523,0.06647637647412304,0.12055885224968076,0.27221512807030723,0.21400135206189438,홍제2동,9,0.0,3685.0,14.5
408,서대문구,홍제3동,17908,1383,3882,4969,2807766,0.06248603975876703,0.12670314943042216,0.27177797632343087,0.2268259995532723,홍제3동,41,0.0,4622.0,22.73
409,강서구,화곡1동,52242,4150,10810,18754,2485455,0.043087936909000424,0.17704146089353393,0.3494314919030665,0.17413192450518739,화곡1동,27,2.0,15999.0,14.84
410,강서구,화곡2동,17489,1283,2827,6093,2385531,0.0738178283492481,0.13871576419463663,0.31802847504145465,0.17919835325061467,화곡2동,29,0.0,4832.0,17.98
411,강서구,화곡3동,21394,1690,4397,6665,3132782,0.07385248200430027,0.1430774983640273,0.29498924932223985,0.20917079555015425,화곡3동,9,0.0,6431.0,13.23
412,강서구,화곡4동,20133,1928,4315,7053,2423768,0.06173943277206576,0.1274027715690657,0.3073560820543387,0.20886107385883873,화곡4동,29,0.0,5844.0,19.46
413,강서구,화곡6동,25022,2456,12040,8085,3040513,0.05866837183278715,0.17316761250099913,0.3240348493325873,0.17404683878187197,화곡6동,29,0.0,7847.0,16.14
414,강서구,화곡8동,23993,1748,4385,9035,2473381,0.05947568040678531,0.15196098862168134,0.31713416413120493,0.19822448214062435,화곡8동,27,0.0,6098.0,15.54
415,강서구,화곡본동,33523,2177,4919,12605,2398795,0.06640217164334934,0.16889896488977718,0.3436446618739373,0.15905497717984668,화곡본동,25,0.0,9200.0,13.59
416,광진구,화양동,27844,3072,16195,5296,2470026,0.03745869846286453,0.4913805487717282,0.2658741560120672,0.0861226835224824,화양동,20,2.0,4140.0,15.37
417,중구,황학동,13614,2487,5992,3959,3247840,0.03709416776847363,0.1820919641545468,0.37145585426766564,0.15653004260320258,황학동,7,0.0,3461.0,13.29
418,동대문구,회기동,13581,1293,10348,3115,3217279,0.06325012885649069,0.4529857889698844,0.2159634783889257,0.1144981960091304,회기동,9,0.0,2124.0,15.61
419,중구,회현동,5107,9246,46229,1744,4442451,0.05247699236342275,0.09633835911494028,0.25729391031916976,0.2647346778930879,회현동,34,5.0,11612.0,15.35
420,용산구,효창동,10828,702,2596,3463,3523201,0.06261544144809753,0.1522903583302549,0.337827853712597,0.14794975988178796,효창동,15,0.0,3246.0,16.11
421,용산구,후암동,16540,1367,4605,5363,3013677,0.06862152357920194,0.13748488512696494,0.3207980652962515,0.18524788391777508,후암동,16,0.0,4014.0,18.46
422,동대문구,휘경1동,16168,1285,3690,4327,2722774,0.05541810984661059,0.3487135081642751,0.24480455220188027,0.13526719445818902,휘경1동,13,1.0,3932.0,22.15
423,동대문구,휘경2동,25288,1665,5457,6802,3071586,0.07734894020879468,0.2611515343245808,0.2510281556469472,0.16754982600442897,휘경2동,18,0.0,6353.0,15.97
424,동작구,흑석동,32366,2136,11037,9613,4224946,0.07433726750293518,0.1952975344497312,0.27939813384415746,0.1603534573317679,흑석동,48,1.0,9097.0,15.36
